sample frequency	AAA>ACA	AAA>AGA	AAA>ATA	AAC>ACC	AAC>AGC	AAC>ATC	AAG>ACG	AAG>AGG	AAG>ATG	AAT>ACT	AAT>AGT	AAT>ATT	ACA>AAA	ACA>AGA	ACA>ATA	ACC>AAC	ACC>AGC	ACC>ATC	ACG>AAG	ACG>AGG	ACG>ATG	ACT>AAT	ACT>AGT	ACT>ATT	CAA>CCA	CAA>CGA	CAA>CTA	CAC>CCC	CAC>CGC	CAC>CTC	CAG>CCG	CAG>CGG	CAG>CTG	CAT>CCT	CAT>CGT	CAT>CTT	CCA>CAA	CCA>CGA	CCA>CTA	CCC>CAC	CCC>CGC	CCC>CTC	CCG>CAG	CCG>CGG	CCG>CTG	CCT>CAT	CCT>CGT	CCT>CTT	GAA>GCA	GAA>GGA	GAA>GTA	GAC>GCC	GAC>GGC	GAC>GTC	GAG>GCG	GAG>GGG	GAG>GTG	GAT>GCT	GAT>GGT	GAT>GTT	GCA>GAA	GCA>GGA	GCA>GTA	GCC>GAC	GCC>GGC	GCC>GTC	GCG>GAG	GCG>GGG	GCG>GTG	GCT>GAT	GCT>GGT	GCT>GTT	TAA>TCA	TAA>TGA	TAA>TTA	TAC>TCC	TAC>TGC	TAC>TTC	TAG>TCG	TAG>TGG	TAG>TTG	TAT>TCT	TAT>TGT	TAT>TTT	TCA>TAA	TCA>TGA	TCA>TTA	TCC>TAC	TCC>TGC	TCC>TTC	TCG>TAG	TCG>TGG	TCG>TTG	TCT>TAT	TCT>TGT	TCT>TTT
1	32388	57428	18873	11324	40652	9965	16196	41536	9481	16390	105207	18771	30580	23153	99419	31756	13369	62001	4820	3605	123070	17032	24272	68428	18463	40181	8860	16101	40721	10040	16436	58723	11382	18488	118514	21402	19562	15478	65376	17860	19095	59453	4254	4737	106647	15116	22880	74459	12632	32005	9569	5442	21022	9075	9955	28507	8963	7428	37523	19706	24118	11573	52944	21337	12705	52379	6278	2834	84726	13893	15207	56904	15499	48564	18146	6391	37165	6788	7418	36227	6961	12651	124883	20100	19957	20804	63163	19507	19331	71816	3648	4025	76922	29317	39402	69360
2	8284	14507	5127	2926	10076	2781	3822	10353	2209	4130	27068	4976	7989	5826	25636	8013	3326	17483	1303	965	30866	4247	6013	18458	4627	10350	2240	4656	10662	2566	4131	15154	2806	4618	30580	5501	4721	3982	16666	4439	5084	16587	1135	1232	26472	3572	6023	19404	3198	8195	2452	1314	5245	2227	2595	7186	2236	1862	9510	5087	6048	2915	13720	5294	3318	14087	1608	785	21441	3434	3821	15133	3689	12222	4746	1589	9473	1717	1779	9186	1649	3214	31565	5351	4774	5307	16346	4877	4928	21418	901	1057	19135	7368	9953	19353
3	4471	8071	2862	1606	5579	1472	2068	5733	1194	2331	14742	2740	4211	3308	14098	4348	1878	9714	711	546	16302	2268	3359	10051	2505	5782	1175	2503	5900	1362	2238	8199	1512	2454	16663	2930	2358	2262	8994	2491	2722	9067	585	698	14174	2007	3221	10498	1774	4428	1270	702	2793	1293	1401	3786	1254	985	5249	2788	3201	1618	7562	2830	1756	7753	890	504	11461	1819	2111	8241	2058	6604	2735	894	5109	951	1066	4934	945	1801	17239	2925	2697	2846	8905	2558	2675	12146	530	567	10236	4017	5431	10774
4	3209	5818	1969	1121	3954	1077	1431	4001	829	1577	10136	1951	2836	2283	9791	3090	1315	6696	485	354	11160	1639	2427	6942	1796	3977	897	1654	4121	985	1626	5784	1077	1800	11489	2169	1745	1550	6386	1677	1875	6263	417	505	9680	1363	2200	7464	1176	3050	906	453	2032	862	1034	2704	870	699	3679	1913	2236	1065	5287	2016	1198	5436	604	303	7896	1309	1398	5888	1493	4651	1883	590	3608	651	688	3504	643	1278	11939	1989	1880	1983	6269	1853	1771	8263	385	451	6977	2712	3723	7310
5	2561	4493	1567	845	3074	821	1141	3125	661	1275	8011	1485	2177	1832	7770	2384	1015	5163	399	273	8687	1231	1820	5498	1465	3066	678	1215	3284	749	1238	4366	797	1376	9132	1662	1395	1135	4923	1277	1472	4965	336	365	7538	1075	1694	5896	954	2400	739	362	1607	688	804	2019	633	547	2802	1446	1725	829	4113	1517	921	4127	438	272	6050	1002	1101	4561	1153	3474	1543	500	2867	483	563	2669	504	1047	9443	1567	1446	1563	4766	1472	1464	6304	263	321	5534	2185	2986	5446
6	2175	3653	1269	683	2557	662	920	2579	596	1006	6746	1335	1803	1444	6275	1830	827	4042	324	252	7041	1016	1513	4433	1155	2567	547	977	2651	626	967	3687	702	1124	7431	1345	1099	968	4074	1035	1216	3910	251	324	6081	869	1425	4643	752	1996	586	301	1227	528	636	1682	535	464	2392	1200	1358	730	3389	1278	772	3356	394	210	5012	822	942	3620	997	2978	1219	419	2311	435	436	2196	387	786	7750	1220	1169	1249	3769	1142	1186	5039	246	288	4254	1839	2446	4470
7	1774	3188	1115	545	2194	573	845	2170	470	906	5712	1086	1526	1222	5379	1641	782	3539	288	204	5972	845	1319	3766	1009	2149	456	810	2263	537	874	3104	565	985	6432	1193	908	802	3565	873	982	3233	226	267	5134	742	1195	4061	703	1730	481	246	1101	462	529	1442	459	409	1994	1056	1224	571	2880	1060	710	2874	381	171	4204	678	720	3007	778	2552	993	342	1914	352	379	1857	357	678	6702	1122	1028	1115	3273	955	977	4079	188	223	3774	1489	2012	3665
8	1664	2779	1033	506	1906	523	675	2000	407	789	4867	971	1350	1064	4765	1515	663	2941	264	186	5390	756	1127	3193	835	1897	412	742	2072	528	787	2766	523	899	5618	1027	834	799	3060	747	887	2877	192	224	4635	671	1095	3539	613	1530	420	239	973	408	482	1243	431	357	1759	931	1099	554	2573	911	566	2495	317	163	3785	585	725	2818	763	2206	948	298	1762	341	331	1655	327	629	5845	919	956	977	2856	852	855	3559	178	213	3280	1372	1898	3205
9	1424	2425	839	472	1827	446	594	1641	391	726	4417	847	1180	988	4073	1273	600	2574	234	144	4737	709	1017	2891	772	1740	397	591	1724	441	682	2515	465	795	5026	924	731	639	2644	719	786	2660	190	214	4005	533	964	3241	547	1378	374	225	882	376	430	1036	321	290	1514	831	927	431	2182	827	517	2196	294	136	3370	565	629	2417	687	1971	811	242	1512	314	312	1477	281	533	5187	793	738	831	2514	765	793	2959	172	213	2861	1176	1656	2768
10	1316	2278	751	393	1569	369	554	1561	325	652	4095	800	1111	893	3727	1234	537	2327	204	138	4242	662	920	2503	712	1470	340	532	1699	388	575	2287	416	738	4552	783	690	603	2500	649	636	2324	192	170	3643	521	840	2862	417	1202	334	186	780	311	395	1066	327	299	1452	719	885	396	1938	816	487	1934	241	121	2899	522	545	2118	618	1856	726	221	1430	259	284	1283	271	518	4637	709	706	760	2188	669	711	2563	113	162	2623	1065	1606	2556
11	1187	2194	700	368	1461	372	535	1463	333	595	3853	733	1020	850	3481	1115	455	2224	209	132	3939	554	878	2450	691	1531	312	518	1523	363	568	2159	359	689	4340	738	588	530	2334	577	648	2102	169	181	3357	480	812	2637	449	1147	327	171	751	329	379	914	285	288	1444	692	804	378	1853	701	439	1879	221	102	2718	469	519	1885	570	1689	703	238	1318	236	256	1219	229	452	4400	720	622	751	2076	652	691	2362	135	162	2502	984	1429	2307
12	1130	1917	664	324	1368	292	502	1310	296	545	3467	634	924	748	3174	1018	465	1956	169	128	3475	522	808	2136	587	1390	293	488	1491	322	569	2004	367	602	3908	711	553	482	2215	528	606	1969	133	181	3039	470	716	2421	412	1124	274	168	678	300	330	885	265	262	1180	627	761	336	1747	666	412	1750	199	117	2514	424	480	1894	521	1555	618	194	1211	222	239	1198	214	465	4053	654	598	649	1878	546	596	2101	119	137	2235	937	1301	2013
13	1104	1869	609	348	1316	332	457	1314	289	562	3255	637	896	700	2978	918	426	1783	177	107	3448	513	766	2080	631	1266	249	427	1275	325	525	1784	335	564	3556	696	581	455	1967	506	561	1836	136	160	2935	417	683	2282	417	953	279	149	630	277	351	814	249	231	1162	585	692	358	1583	627	417	1625	217	92	2378	430	474	1753	487	1419	611	202	1166	241	233	1059	222	420	3827	587	585	646	1796	607	572	2024	103	125	2081	865	1181	2020
14	1018	1719	550	273	1202	301	408	1186	281	502	3144	576	852	708	2839	910	414	1654	137	96	3146	478	777	1877	519	1154	228	407	1287	295	485	1762	333	540	3297	626	528	432	1894	482	548	1764	120	144	2747	429	690	2031	424	956	242	118	631	216	278	766	259	234	1110	549	667	312	1492	575	396	1476	172	78	2204	412	417	1601	434	1365	526	217	1044	221	224	1011	176	371	3540	549	522	583	1694	502	531	1814	102	99	1983	740	1166	1837
15	930	1624	550	327	1171	285	445	1140	221	465	2941	522	791	631	2657	813	406	1560	164	100	3100	413	629	1806	508	1120	239	411	1184	285	424	1583	299	518	3343	573	473	410	1772	453	484	1613	93	152	2694	369	650	1984	324	867	236	122	560	237	268	661	215	215	1049	527	604	307	1377	501	323	1367	180	92	2150	350	391	1546	434	1303	509	163	991	188	199	939	179	365	3304	524	482	551	1587	467	487	1708	108	127	1846	715	1091	1759
16	912	1581	520	274	1143	295	367	1077	250	435	2741	534	727	584	2553	767	377	1506	148	112	2852	425	650	1723	464	1069	241	378	1135	257	434	1602	295	477	3049	605	432	390	1602	453	449	1547	106	127	2572	398	580	1922	323	790	274	134	590	216	265	700	246	202	903	519	613	293	1287	496	319	1280	177	81	1992	352	369	1543	394	1241	482	162	957	168	181	924	165	354	3234	532	447	509	1450	454	494	1488	113	116	1832	755	1004	1587
17	899	1532	552	244	1052	237	388	969	249	403	2714	481	697	581	2447	752	382	1449	148	87	2861	375	567	1691	442	1097	235	394	1071	247	401	1473	306	454	2974	504	430	359	1637	404	427	1417	102	143	2537	365	520	1845	314	841	217	125	507	217	247	679	212	179	928	452	589	294	1297	494	309	1318	161	62	2014	325	349	1387	414	1213	484	119	959	153	184	907	157	378	2948	485	430	501	1416	503	490	1498	79	105	1714	705	1028	1516
18	801	1453	500	243	1026	249	376	1007	217	414	2530	479	641	529	2288	740	337	1302	144	116	2618	394	559	1582	409	951	215	327	1028	269	361	1367	242	419	2789	515	430	314	1469	379	425	1406	87	116	2286	285	517	1758	297	713	212	105	483	201	247	608	185	177	870	450	541	272	1183	488	321	1197	139	66	1794	312	348	1304	404	1117	487	140	895	166	170	831	149	328	2857	437	426	459	1335	393	429	1323	84	95	1615	624	886	1394
19	809	1310	412	243	968	225	371	923	215	384	2387	441	585	474	2211	683	318	1272	129	111	2490	348	559	1439	439	880	195	286	984	234	384	1353	248	427	2707	478	382	344	1520	375	379	1287	68	122	2061	334	532	1639	281	719	210	95	517	184	233	581	203	168	813	420	517	232	1123	436	299	1106	140	58	1733	300	326	1245	338	1042	425	123	840	155	184	768	142	319	2789	436	392	439	1282	423	399	1341	99	101	1523	663	839	1330
20	736	1277	466	225	927	194	310	926	183	380	2363	444	646	484	2099	668	329	1219	122	92	2439	339	525	1378	444	965	190	291	934	249	371	1356	260	393	2576	496	383	358	1412	360	388	1238	88	123	2118	280	505	1602	269	716	210	108	438	184	228	591	188	190	770	417	470	243	1118	416	282	1072	144	65	1615	294	321	1229	371	1093	413	128	821	133	146	799	147	312	2606	433	405	478	1294	379	426	1340	83	105	1379	596	880	1257
21	701	1242	426	211	859	209	294	855	187	361	2217	422	553	464	2010	582	267	1178	111	96	2296	337	509	1334	388	881	209	286	906	217	351	1244	237	422	2510	467	349	336	1380	342	399	1257	95	97	1999	304	462	1518	253	692	190	99	429	178	220	548	200	139	761	398	478	210	998	410	273	1034	128	62	1538	289	300	1131	340	882	410	142	784	162	170	701	122	267	2574	402	381	437	1163	365	422	1223	75	81	1312	563	839	1248
22	677	1206	385	212	833	199	317	842	186	354	2209	406	596	448	1971	585	308	1229	94	94	2138	336	493	1361	376	840	170	278	885	220	322	1197	240	428	2438	462	347	285	1313	333	357	1214	80	106	1905	282	416	1470	247	712	185	95	452	184	211	502	206	158	758	357	489	247	1059	395	262	1022	139	70	1623	267	280	1121	341	1038	372	132	786	137	161	733	126	293	2551	367	403	418	1101	405	360	1145	80	110	1358	590	783	1258
23	689	1256	427	188	902	228	330	832	204	315	2163	401	541	478	1935	592	309	1082	120	79	2206	309	493	1375	405	824	167	259	892	204	299	1227	244	382	2390	404	333	322	1321	329	343	1101	101	85	1841	248	444	1401	267	672	170	104	442	166	182	529	176	174	767	375	422	196	956	377	249	1056	118	57	1480	245	303	1062	320	913	407	129	732	128	167	723	115	285	2504	375	388	393	1077	321	402	1082	72	70	1346	571	775	1162
24	682	1227	379	213	797	199	275	787	172	283	2113	379	521	440	1864	612	268	1120	104	101	2167	326	462	1362	331	857	186	270	854	189	329	1195	216	346	2333	433	351	277	1192	321	321	1156	100	84	1832	289	400	1396	242	673	141	92	435	197	199	497	156	161	756	364	450	205	985	400	253	963	128	58	1437	274	315	1103	293	869	377	127	731	107	149	665	135	240	2407	353	384	400	1134	360	380	1110	79	97	1332	542	782	1251
25	619	1122	337	203	814	205	283	772	154	330	2033	357	512	477	1856	562	282	1020	104	84	2044	291	471	1200	345	793	164	263	829	212	322	1074	244	375	2255	431	346	263	1204	306	332	1040	84	85	1771	264	407	1317	234	571	168	77	401	171	189	447	139	170	718	380	416	217	952	374	244	901	126	54	1396	246	269	965	295	874	369	125	769	121	152	681	105	246	2302	360	340	382	1068	311	365	1015	71	85	1256	517	679	1115
26	595	1069	395	210	772	205	262	768	144	322	1913	331	471	412	1756	583	272	1008	96	84	1997	285	458	1127	341	754	169	254	813	155	290	1089	191	318	2138	425	312	246	1141	277	339	1016	66	102	1733	236	390	1386	225	599	183	95	401	147	198	454	143	127	664	319	441	203	863	349	200	873	116	57	1335	224	247	971	305	895	331	111	626	124	135	586	121	260	2264	351	334	395	1092	340	314	976	67	64	1186	546	709	1053
27	625	1001	351	210	747	204	258	713	166	341	1912	369	465	395	1715	508	233	962	99	74	1965	279	436	1129	330	740	161	241	768	181	290	1080	229	358	2110	402	323	259	1104	322	351	1006	85	111	1631	231	392	1257	225	590	165	81	360	138	203	475	151	145	651	346	408	163	856	338	218	937	109	56	1344	246	264	977	288	847	315	124	680	99	143	605	98	211	2177	315	309	380	1005	322	350	988	68	101	1124	489	684	1059
28	602	972	320	161	706	197	252	695	142	301	1771	271	443	358	1555	512	236	896	99	58	1778	271	399	1057	337	690	138	238	676	177	242	1000	183	319	2040	342	295	246	1072	278	291	937	71	83	1547	260	360	1208	207	576	143	61	352	153	184	432	144	122	607	296	369	186	810	313	209	821	98	46	1277	210	229	902	246	717	326	108	623	110	120	596	123	201	1953	297	311	365	898	290	291	845	60	81	1062	472	613	960
29	550	989	340	187	716	166	251	677	154	301	1789	341	472	365	1588	489	235	894	101	68	1799	287	404	1016	323	703	159	206	763	156	252	1027	193	290	2098	368	291	250	1055	273	279	955	68	85	1473	258	357	1181	247	628	141	105	358	159	197	456	139	131	583	340	400	197	846	272	226	848	90	49	1298	206	234	899	274	793	294	101	670	133	118	576	114	241	1983	284	299	350	967	289	325	934	68	61	1128	454	674	987
30	510	946	328	170	682	168	211	688	154	272	1766	322	425	377	1494	487	221	865	95	64	1752	261	397	985	286	676	132	204	725	161	244	958	169	302	1831	340	276	235	975	286	275	873	77	75	1532	226	345	1207	179	504	122	81	355	146	159	433	122	128	630	266	351	174	775	315	195	795	122	52	1203	223	212	928	248	781	289	100	567	96	136	588	92	216	1958	286	286	311	882	319	303	882	64	68	1053	455	579	921
31	581	930	324	178	676	163	229	693	143	270	1786	333	484	360	1564	496	222	890	91	82	1748	265	389	1077	289	682	142	248	682	180	246	984	182	353	1910	338	263	223	1022	256	290	920	72	71	1495	224	350	1164	201	562	149	85	358	146	143	426	128	113	554	303	379	169	838	306	187	805	105	45	1206	215	233	901	271	750	306	101	589	112	123	615	86	213	1964	288	304	349	885	308	294	827	56	59	1101	457	660	961
32	549	973	329	194	679	161	247	654	138	253	1733	317	439	355	1541	462	227	859	101	65	1682	270	409	1038	292	691	165	239	660	172	260	925	202	312	1821	381	264	244	974	254	278	829	77	62	1459	239	381	1145	213	486	140	61	313	123	137	420	143	147	613	297	381	161	764	293	180	779	105	42	1169	204	231	796	261	747	257	93	578	106	140	538	96	239	1908	295	283	339	834	267	264	884	53	81	1111	469	604	929
33	503	917	329	149	663	164	221	648	129	256	1679	306	422	348	1475	451	205	842	95	55	1681	233	393	985	280	637	143	212	670	158	267	913	180	281	1817	329	255	200	985	241	266	873	60	86	1384	213	330	1080	227	490	145	93	343	147	148	387	122	104	537	287	367	180	739	290	197	710	106	31	1145	230	225	859	272	749	285	86	547	110	105	535	118	208	1948	286	285	295	850	289	325	811	52	77	1076	432	628	883
34	538	904	285	162	602	169	219	657	135	258	1659	291	417	339	1525	500	232	830	77	64	1636	253	398	943	287	645	144	189	702	148	254	931	159	319	1794	333	262	208	965	279	240	829	60	66	1369	189	345	1091	208	499	115	83	308	142	159	418	133	124	582	281	348	153	702	284	178	704	100	57	1058	180	231	820	263	686	285	100	604	91	129	538	90	219	1846	288	259	302	843	273	280	774	81	83	1003	393	587	832
35	510	859	289	160	635	142	237	559	126	238	1474	293	396	335	1393	452	206	719	75	59	1535	231	354	914	262	583	137	202	656	139	219	831	164	269	1691	335	265	240	901	228	271	820	52	79	1302	197	346	1041	193	460	133	73	323	127	155	343	131	132	542	265	327	147	678	280	190	686	106	58	1026	165	177	765	250	651	272	88	541	118	98	529	107	188	1730	290	227	295	753	247	264	740	66	59	935	371	563	809
36	462	826	272	143	581	147	213	586	121	244	1551	288	409	310	1285	403	183	768	65	62	1542	223	348	907	249	619	122	220	652	155	244	920	177	276	1688	320	234	206	853	253	242	782	59	68	1323	165	298	1027	191	467	134	84	287	114	121	352	113	103	513	251	333	135	714	274	188	731	87	46	978	188	170	775	203	633	279	100	501	105	122	481	114	162	1732	250	279	284	681	267	250	769	38	50	937	376	546	812
37	526	860	262	133	621	162	223	572	121	212	1523	282	395	296	1259	418	199	710	72	61	1454	223	334	836	259	536	107	191	598	150	241	780	144	291	1660	303	229	212	808	220	236	787	59	74	1231	176	314	995	173	461	128	60	301	123	126	388	117	113	512	218	300	145	648	248	173	650	78	46	1043	175	189	740	200	633	307	84	559	86	99	473	94	206	1691	247	260	268	751	250	221	717	66	54	839	395	535	742
38	491	839	287	138	568	146	217	603	133	236	1522	276	371	324	1326	451	190	729	82	51	1539	240	373	903	288	616	117	193	624	152	242	787	165	277	1747	318	253	227	887	215	266	780	75	69	1349	211	323	1036	184	405	118	59	295	131	138	338	118	123	534	285	319	137	756	278	168	708	95	48	1081	187	189	726	217	636	277	82	555	88	112	488	94	183	1756	270	253	289	779	248	254	723	60	74	891	351	504	801
39	410	843	226	139	554	137	219	601	127	209	1496	263	352	314	1302	452	192	716	81	49	1440	196	343	863	277	575	111	174	560	142	218	811	133	249	1634	321	247	199	818	233	250	813	65	82	1209	189	314	896	182	440	120	46	284	114	138	355	128	87	482	219	286	153	663	232	196	666	94	40	1017	178	224	747	207	638	244	77	532	94	96	473	80	190	1645	252	207	281	638	257	262	693	45	54	800	399	546	758
40	460	726	297	158	583	135	211	564	128	210	1473	268	364	314	1357	404	218	725	75	53	1441	198	320	889	244	575	125	181	571	145	241	848	156	238	1594	284	253	184	853	236	254	771	55	59	1257	172	282	964	162	451	118	59	292	116	152	330	115	108	503	276	317	157	681	258	155	672	88	37	992	186	189	728	227	652	257	81	527	79	97	458	86	199	1562	235	265	283	715	238	244	663	53	60	897	397	503	768
41	486	804	269	126	560	156	178	528	124	236	1394	255	358	312	1275	355	204	645	82	74	1446	220	322	893	248	575	132	185	636	128	206	779	162	252	1611	308	214	195	794	229	217	791	60	65	1217	185	323	921	197	431	97	58	281	103	145	346	130	108	530	268	309	159	652	245	153	676	111	31	951	145	181	723	208	626	230	91	447	90	108	469	101	200	1605	247	261	271	697	225	265	692	51	65	811	353	522	775
42	442	790	252	121	563	144	193	533	119	220	1412	254	349	308	1221	372	179	711	85	56	1415	188	346	837	248	543	101	172	596	115	201	832	128	256	1516	298	235	171	820	202	223	725	56	60	1163	180	251	972	152	435	132	50	296	95	133	337	98	97	439	227	292	165	650	267	184	588	79	34	972	170	192	681	215	626	278	81	490	82	93	450	89	183	1641	254	246	289	723	202	227	674	51	55	854	392	520	768
43	422	735	244	133	532	143	161	524	98	193	1336	267	298	323	1176	336	189	670	77	37	1272	186	300	766	243	558	99	175	527	132	191	767	139	235	1516	251	203	149	743	213	212	689	64	72	1086	154	275	843	148	377	111	57	250	93	124	324	89	90	483	222	285	142	617	230	169	603	79	32	935	148	160	688	194	584	230	75	476	66	107	465	86	169	1392	236	227	285	646	210	210	649	37	63	841	313	488	682
44	407	783	261	136	497	138	191	497	85	228	1292	219	332	296	1169	343	200	649	67	49	1311	184	299	755	207	515	119	175	521	145	199	736	121	213	1470	285	178	208	775	197	241	722	36	65	1094	157	256	960	158	401	129	54	241	106	143	333	82	86	438	247	280	118	590	245	162	597	86	28	858	166	156	686	187	578	246	79	484	83	110	426	74	157	1430	229	237	242	617	229	232	642	48	60	780	326	448	710
45	431	769	275	124	525	123	200	519	121	224	1375	247	320	280	1201	332	222	649	63	51	1288	197	293	768	251	512	110	149	569	144	195	730	123	247	1527	288	215	193	783	200	209	656	48	64	1030	159	267	860	149	417	120	51	264	100	134	321	96	94	429	252	254	148	580	269	166	599	87	42	869	148	162	644	197	557	216	94	482	75	89	416	88	176	1543	242	231	247	698	215	259	639	48	47	856	370	490	683
46	405	782	255	122	519	107	196	494	102	196	1273	212	306	279	1169	365	198	643	62	51	1250	177	262	776	224	502	115	146	544	127	173	718	126	237	1449	245	195	176	753	182	231	662	61	50	1032	189	269	855	172	407	111	57	255	87	123	319	95	87	423	222	274	138	587	211	136	581	87	35	860	142	149	621	190	580	225	76	453	50	98	397	79	153	1566	184	212	243	650	200	208	609	50	47	838	322	441	665
47	397	746	223	117	468	114	176	476	107	208	1258	238	320	276	1167	383	158	575	73	47	1270	184	225	698	222	509	114	168	484	144	172	697	140	258	1349	245	205	166	749	197	229	611	57	59	1066	142	242	785	153	369	111	47	268	102	124	305	109	85	425	210	259	136	546	237	160	580	94	34	853	163	162	618	182	541	219	77	431	75	91	414	62	178	1396	230	222	223	591	214	206	645	48	55	777	311	438	675
48	413	669	236	112	519	123	174	470	103	193	1323	214	303	252	1097	330	170	665	77	53	1214	199	270	770	211	511	95	165	584	139	201	691	125	232	1341	239	203	176	761	198	180	643	41	48	1092	162	242	854	147	398	107	43	282	99	125	295	98	96	418	200	266	107	580	229	159	609	90	35	878	135	172	631	206	540	216	74	450	68	100	384	68	172	1445	216	200	238	647	189	204	624	35	53	749	298	441	633
49	403	679	249	148	490	124	186	490	106	200	1254	225	373	283	1148	366	170	653	74	45	1205	189	279	736	218	476	113	156	555	134	189	737	135	225	1436	260	196	189	719	198	208	636	57	67	1037	150	261	793	152	384	109	46	230	84	119	329	99	89	422	233	265	108	596	226	174	554	76	31	791	152	167	609	178	555	225	71	466	75	88	433	79	152	1477	223	237	218	692	217	221	616	54	49	748	319	456	702
50	380	696	225	119	461	113	186	455	100	203	1242	223	297	263	1140	323	185	599	49	56	1238	220	258	722	209	482	109	164	519	114	194	744	132	216	1392	268	238	171	762	182	196	639	52	53	995	157	245	807	127	391	115	58	252	89	137	292	97	111	414	204	284	122	583	211	154	533	74	41	830	161	144	602	198	551	211	99	441	75	114	388	80	173	1425	218	186	235	602	215	202	601	33	48	780	298	443	636
51	363	692	223	128	445	124	153	447	81	194	1181	218	312	242	1063	332	145	600	65	43	1174	185	252	693	202	425	100	146	523	108	190	686	128	202	1318	230	189	151	745	164	195	619	44	60	943	138	248	787	135	358	107	56	245	99	126	281	101	84	437	222	255	123	528	207	152	530	91	31	811	132	152	568	150	514	212	54	424	66	97	414	66	155	1418	164	211	221	584	190	195	529	35	40	725	294	404	635
52	373	681	186	125	457	125	144	420	72	179	1216	222	296	239	1069	298	177	601	65	25	1139	185	267	676	180	455	86	156	467	106	176	649	117	216	1335	250	205	163	653	186	204	603	44	53	1003	146	224	744	132	363	102	47	228	92	106	293	102	76	365	215	262	132	524	199	135	507	70	35	764	157	144	533	183	525	207	80	384	82	82	353	75	148	1326	214	194	232	613	191	205	538	59	56	740	303	423	656
53	396	674	209	119	476	106	159	435	100	179	1136	208	317	245	1015	352	152	532	55	60	1205	157	269	638	196	445	116	149	449	122	159	676	123	229	1273	234	165	175	643	166	193	560	41	55	973	142	217	778	134	345	91	60	269	101	118	277	88	84	441	187	242	115	529	197	146	511	66	31	777	139	152	564	169	501	183	71	416	82	89	351	72	148	1368	194	183	218	601	194	184	582	30	50	697	285	398	610
54	386	642	224	108	424	117	161	449	101	218	1200	208	311	251	1041	330	156	534	46	46	1166	181	248	699	227	419	90	142	483	115	157	671	133	216	1326	243	184	167	658	184	199	579	49	65	973	138	248	786	134	341	112	48	236	99	133	284	84	74	413	240	255	120	584	231	129	487	58	28	818	151	132	569	162	509	208	53	388	78	89	354	53	159	1380	193	190	255	586	170	197	565	47	54	690	272	448	628
55	329	634	190	109	432	103	161	414	84	173	1099	211	288	261	1028	295	158	565	64	35	1100	178	255	632	198	452	97	134	464	123	151	641	140	200	1254	219	181	144	644	144	176	604	46	62	952	147	227	701	116	385	94	55	228	79	96	283	77	77	404	189	227	103	524	211	130	487	48	35	752	125	129	569	163	517	213	66	361	66	79	375	64	163	1298	241	167	209	556	177	189	515	48	38	718	297	386	600
56	351	567	201	107	424	118	174	435	73	167	1106	203	289	227	938	286	176	576	66	53	1124	172	251	624	166	451	72	148	444	94	151	642	124	186	1201	216	152	153	604	142	181	524	55	52	961	124	216	749	114	314	87	62	248	81	109	256	85	94	382	185	262	102	501	181	144	454	54	37	745	115	139	525	151	473	210	60	421	54	82	359	67	138	1255	192	193	193	528	178	181	515	48	39	646	259	430	550
57	337	625	209	98	422	114	147	427	84	190	1086	185	272	241	1008	290	156	556	54	47	1083	145	275	603	200	453	84	131	450	92	171	622	112	205	1231	222	170	153	643	160	179	578	51	62	922	152	221	734	121	328	91	45	223	75	85	285	99	75	393	175	238	108	515	205	124	520	62	42	778	121	171	546	176	496	177	65	351	72	74	330	65	159	1225	198	184	184	517	182	208	551	40	42	683	280	426	534
58	348	618	187	110	441	116	143	431	100	184	1070	214	266	249	929	287	144	556	41	40	1042	176	239	604	171	426	84	132	441	101	174	631	115	159	1215	230	162	134	587	147	205	551	41	52	921	108	212	711	137	330	82	54	218	78	96	273	80	95	389	159	225	124	491	205	118	519	84	25	684	134	145	491	153	470	187	65	384	58	86	330	59	122	1179	189	187	198	545	167	183	515	43	45	628	296	404	584
59	338	577	179	111	399	107	143	404	92	182	1123	211	238	193	926	298	132	527	62	43	1053	160	238	629	193	429	85	123	476	116	132	630	132	181	1175	229	179	140	587	147	189	565	40	46	856	144	208	698	131	347	78	46	180	70	93	243	73	84	361	191	247	107	477	179	133	450	59	25	689	110	114	507	154	477	190	55	423	72	71	336	56	153	1206	206	178	184	518	161	180	472	51	52	588	273	394	542
60	318	562	189	121	437	102	150	408	74	157	1028	184	251	221	867	321	145	528	64	34	1005	151	233	558	185	384	85	127	447	108	162	591	110	193	1076	235	161	139	594	147	165	512	56	35	821	146	213	639	112	320	85	37	219	75	97	242	69	92	363	158	213	104	448	164	132	474	49	23	730	121	118	506	169	471	172	64	364	58	73	341	71	131	1203	147	155	193	539	199	179	494	27	34	611	250	424	503
61	306	555	190	110	391	98	140	369	68	159	970	166	225	206	880	290	143	516	47	30	1037	153	219	582	172	384	67	142	422	97	147	626	108	191	1140	233	154	136	580	149	158	527	36	49	837	124	188	658	116	303	78	43	177	92	82	285	84	76	326	167	210	118	441	189	153	496	76	33	654	125	122	530	156	454	179	57	331	67	71	294	66	131	1086	187	169	202	508	176	165	469	31	39	538	260	364	562
62	331	577	186	106	372	86	130	366	91	149	1029	190	255	211	862	267	131	514	55	36	961	151	212	566	162	413	95	141	403	113	171	607	83	191	1149	199	135	117	557	141	189	497	45	37	802	123	208	649	110	295	92	53	213	76	97	255	67	76	369	173	208	101	448	164	116	456	40	23	680	130	133	469	139	478	195	68	363	61	72	301	54	113	1120	182	191	195	519	182	197	480	33	44	599	259	351	525
63	334	625	180	111	410	93	132	416	83	160	967	205	256	201	931	258	146	496	62	42	1039	157	213	640	190	381	87	124	447	88	148	609	96	184	1089	211	178	142	557	144	179	512	37	50	831	142	187	692	124	301	67	32	217	80	115	250	76	71	353	180	215	122	435	167	116	456	68	25	716	115	122	486	149	446	169	58	329	62	74	326	61	136	1181	172	189	211	481	148	183	469	40	51	575	241	374	510
64	308	565	176	77	433	81	142	388	80	182	1043	174	262	220	854	260	120	477	54	34	930	148	206	549	182	388	83	123	396	103	140	560	102	180	1147	204	154	160	551	133	150	538	45	45	834	125	191	622	100	291	88	46	208	89	85	236	67	70	329	173	236	96	442	183	117	469	67	33	681	117	139	504	129	430	177	64	327	57	63	320	73	111	1186	171	137	167	475	162	190	490	34	34	602	226	372	519
65	294	532	184	98	393	92	132	415	69	158	945	185	228	192	887	288	134	481	56	43	958	129	239	572	202	345	70	115	408	101	140	562	108	183	1042	176	158	143	552	142	146	527	53	40	835	108	190	662	122	274	63	44	209	85	95	239	75	71	323	167	197	102	414	167	107	406	65	25	706	111	130	490	150	413	182	66	355	70	69	293	55	114	1120	166	149	179	495	149	174	461	29	36	606	259	355	495
66	292	520	175	104	385	106	155	400	66	149	975	174	241	221	867	254	114	448	57	43	908	127	209	514	159	418	84	120	422	98	160	570	93	178	1075	185	139	109	557	126	155	483	42	47	805	124	184	642	112	311	93	26	207	69	96	249	70	60	334	165	194	89	446	187	123	441	61	22	693	129	132	518	137	427	167	64	320	60	78	292	59	147	1081	169	143	198	514	153	163	457	47	40	551	223	361	480
67	313	504	173	99	370	86	124	326	77	135	987	149	241	210	861	267	108	505	55	33	928	172	232	544	152	375	74	123	400	81	152	538	107	214	1042	209	136	126	547	135	158	510	46	40	753	116	179	617	109	254	72	48	185	82	72	225	75	63	323	158	191	87	418	111	92	375	70	25	617	110	113	468	147	446	173	47	300	55	73	279	53	120	1063	169	155	172	454	146	165	415	39	44	560	227	339	472
68	326	507	190	90	377	84	142	351	89	156	893	170	220	182	804	257	120	464	42	41	903	133	216	558	164	385	75	109	406	97	152	509	92	174	1048	186	141	117	508	131	136	482	40	50	803	115	192	650	109	272	88	43	187	76	82	229	70	67	332	134	183	90	415	198	92	428	53	49	611	119	122	473	166	420	175	43	334	60	68	275	57	119	1030	166	126	170	442	135	154	450	35	48	557	187	358	501
69	317	554	178	88	372	77	127	339	97	153	938	164	241	204	872	241	124	453	55	41	959	149	217	544	185	363	79	127	392	82	125	533	90	180	1098	196	162	135	551	149	141	484	36	51	859	125	178	653	115	300	89	38	203	75	94	242	78	75	344	152	200	101	409	161	115	446	51	25	663	136	119	443	144	432	140	57	340	69	68	321	58	118	1152	152	165	191	482	179	156	467	39	26	554	228	396	461
70	307	536	168	90	366	97	121	357	58	134	994	180	270	180	778	248	116	429	59	22	906	137	199	567	156	388	86	131	404	91	139	545	103	169	1106	188	179	125	534	137	140	509	38	53	782	112	185	619	107	314	76	39	189	79	92	223	65	71	345	176	207	100	407	151	119	435	49	21	622	104	116	485	154	447	189	64	318	68	61	300	61	121	1063	200	170	187	493	161	155	445	33	39	535	259	374	553
71	269	500	159	82	359	110	113	336	75	134	928	194	245	156	722	244	123	496	63	33	898	140	220	575	145	358	82	127	347	91	145	536	88	165	945	187	153	121	467	145	168	433	45	36	737	120	180	556	122	298	82	34	192	80	95	225	58	61	294	156	181	95	423	148	79	406	49	30	602	95	101	444	111	374	156	62	325	43	75	317	56	114	969	164	129	170	428	140	159	431	29	32	507	254	354	451
72	271	453	158	83	350	90	130	347	81	167	885	158	235	207	790	248	110	429	47	35	875	131	196	511	167	351	85	120	387	93	126	539	100	155	1069	182	155	127	507	156	134	463	43	39	751	110	158	593	113	267	86	37	171	64	76	223	70	68	282	153	189	104	428	169	100	438	55	21	591	106	125	474	129	382	160	48	323	57	73	348	61	136	1048	151	162	148	431	139	157	429	26	35	512	216	302	483
73	294	513	177	93	355	86	120	367	68	142	922	158	220	202	811	244	119	449	46	30	873	131	217	541	172	400	67	124	385	91	144	516	104	152	1020	154	153	120	496	142	128	455	46	43	771	110	175	577	112	252	76	51	192	78	70	231	72	66	320	152	207	86	410	143	115	413	61	19	616	101	99	487	134	371	154	46	307	58	76	286	50	129	999	165	142	190	450	124	155	400	29	23	532	231	339	479
74	302	522	158	77	350	79	107	353	73	152	931	157	213	185	755	258	114	437	51	30	906	154	202	531	141	409	59	113	379	82	134	496	103	152	1033	184	136	110	489	139	137	436	44	45	776	122	186	572	118	290	61	41	195	73	98	195	72	63	314	149	184	87	441	155	105	435	56	26	593	128	127	427	138	372	155	53	363	53	59	314	64	135	1001	156	145	181	468	164	159	441	34	38	540	223	349	453
75	300	520	146	88	349	85	136	334	79	154	887	155	231	204	774	231	128	443	48	32	841	138	200	546	172	338	76	116	373	91	124	516	77	154	997	191	123	116	493	141	140	449	41	47	723	111	168	558	105	278	82	33	180	61	97	202	66	54	312	168	193	87	380	156	94	398	44	18	537	113	105	429	136	413	147	54	329	57	49	304	70	116	1001	183	142	174	451	143	145	425	26	46	538	230	331	442
76	275	470	143	76	328	84	113	336	55	142	857	152	209	203	719	217	132	431	49	36	829	110	169	463	142	311	49	103	374	83	120	462	98	158	955	140	143	114	478	118	133	439	28	34	710	103	162	618	105	273	77	35	176	68	70	216	69	71	297	148	176	83	387	157	100	341	51	21	552	104	108	437	141	370	145	50	297	50	63	270	51	95	1003	168	133	161	399	130	140	379	29	40	519	202	300	468
77	287	467	154	82	338	88	109	327	74	136	867	159	190	204	791	236	115	410	56	39	839	116	180	498	153	378	75	109	370	81	134	451	87	165	893	163	141	110	465	123	150	450	30	30	695	116	165	550	126	287	77	39	168	59	93	204	47	64	287	132	205	105	369	132	95	392	43	20	541	107	111	385	142	384	148	44	296	47	63	250	49	115	956	141	136	162	409	130	138	395	44	38	519	220	314	448
78	278	512	166	109	400	77	141	342	66	148	946	168	226	190	815	226	106	455	58	33	895	135	200	527	134	335	83	107	403	79	129	554	92	163	1028	174	156	99	513	137	149	518	32	36	829	118	204	596	99	265	82	27	233	78	83	238	65	61	323	155	213	86	408	143	133	420	44	24	659	108	123	459	133	395	158	65	311	66	58	306	56	115	988	167	139	176	464	149	154	470	22	48	561	221	344	484
79	285	442	158	80	330	87	131	302	69	134	820	148	208	175	703	209	101	390	47	26	785	118	187	483	152	301	51	106	355	71	137	486	85	149	890	168	121	120	490	137	139	450	41	32	636	99	175	541	100	243	89	34	180	56	96	198	60	59	274	158	167	86	332	143	99	347	50	22	552	100	107	400	113	353	135	37	299	52	72	276	51	80	948	140	118	163	389	125	147	400	26	42	449	182	304	458
80	273	447	176	73	316	90	111	315	68	156	803	149	198	157	744	215	131	401	41	26	787	118	189	466	154	325	70	111	359	84	105	492	77	171	922	162	129	129	444	138	148	397	28	35	664	104	160	521	88	253	66	35	171	60	78	197	74	67	306	141	158	80	359	147	119	397	51	24	541	109	119	382	151	411	156	37	303	45	62	237	47	124	960	145	140	146	462	134	146	380	25	37	446	196	294	443
81	276	443	150	76	321	73	121	325	71	150	872	167	188	170	699	217	100	388	39	37	784	97	182	472	139	348	73	111	363	90	134	439	106	151	987	186	128	96	452	138	127	430	33	40	624	107	162	569	94	275	57	37	156	84	84	205	47	66	278	147	158	80	361	136	93	375	54	25	532	84	96	428	129	384	157	44	293	50	58	269	43	123	954	137	127	142	394	125	140	368	24	27	468	211	349	443
82	272	487	151	82	346	78	126	278	81	125	808	140	199	166	664	234	124	398	41	29	818	114	204	473	135	342	68	117	374	93	137	441	90	153	961	178	129	120	465	113	136	422	39	52	646	94	142	568	115	248	64	36	177	56	77	215	53	62	311	132	163	90	346	156	111	360	40	28	561	98	118	403	113	353	139	36	295	43	64	272	40	121	944	160	135	160	416	120	129	436	27	40	462	194	273	432
83	269	449	177	77	314	81	101	287	78	118	843	152	222	184	671	210	130	426	46	28	799	118	171	489	135	344	57	113	320	76	106	456	83	151	901	181	129	109	446	98	127	419	46	41	669	105	159	475	100	266	87	48	145	76	92	185	71	59	297	149	173	75	347	135	90	355	41	27	528	88	126	417	146	316	157	47	310	53	66	299	52	99	944	144	139	171	418	121	158	348	28	34	500	171	266	435
84	250	504	175	73	313	74	133	306	62	154	820	161	178	157	723	226	117	389	44	31	765	130	175	434	161	328	62	110	302	65	108	486	86	152	943	179	104	97	411	127	157	397	31	33	670	104	162	542	98	243	61	35	174	64	84	199	54	51	291	157	153	79	395	157	85	337	52	27	514	92	86	376	127	336	138	44	288	36	56	256	49	119	850	168	124	152	409	128	128	356	25	43	514	197	269	424
85	237	468	127	80	310	71	81	286	74	118	783	152	212	172	751	229	118	392	49	37	809	112	177	460	158	312	69	92	351	83	108	529	78	152	951	185	118	85	490	111	139	390	29	49	680	91	163	552	93	254	67	36	157	51	82	188	65	66	288	136	169	86	359	137	120	400	45	17	603	108	103	430	139	358	135	49	292	49	60	267	53	103	952	143	130	134	389	114	127	397	30	28	463	196	304	406
86	248	458	146	78	310	78	96	293	73	145	751	164	198	160	668	203	104	385	41	32	745	109	194	450	124	352	61	119	334	80	112	468	82	129	834	168	131	117	404	123	128	397	20	39	663	106	152	506	93	247	71	39	141	53	73	193	69	66	259	132	156	85	341	151	90	345	37	12	550	92	82	377	130	351	123	56	282	48	54	254	50	99	856	149	115	151	359	133	123	389	30	30	461	199	269	445
87	262	453	141	75	326	85	118	313	64	120	776	146	193	170	693	223	113	361	47	27	759	113	159	438	154	311	61	90	276	82	123	497	97	153	869	159	120	99	469	106	124	378	29	44	608	95	140	544	90	258	60	33	162	55	76	193	61	58	261	143	157	73	365	138	89	328	51	25	491	83	105	353	127	335	155	49	273	46	48	242	46	105	867	123	135	125	391	124	138	331	30	41	490	192	300	406
88	247	411	124	67	280	86	96	314	57	122	729	130	183	159	628	226	90	338	33	28	770	108	186	439	133	284	68	86	318	66	113	446	86	131	884	131	121	93	429	113	133	376	34	41	620	93	159	512	99	234	65	35	154	59	66	202	55	50	250	129	148	75	346	120	78	347	46	26	480	93	114	362	109	305	127	42	257	51	47	233	31	79	902	136	139	138	354	127	134	365	25	30	476	160	236	414
89	238	377	128	71	292	63	101	311	65	98	713	126	152	155	610	189	105	366	51	29	674	111	162	380	118	287	46	101	307	69	111	385	63	132	800	167	106	88	429	106	111	367	36	28	594	83	142	473	68	209	49	31	143	54	71	182	58	41	215	128	143	67	367	127	97	311	45	20	537	89	83	341	132	333	113	39	260	45	62	268	41	95	822	141	120	135	375	116	120	349	19	20	397	183	271	367
90	227	419	157	70	300	64	121	306	49	116	731	145	209	143	643	214	95	380	49	37	675	100	156	443	136	288	56	119	310	53	102	449	74	141	854	152	112	78	409	109	137	395	27	26	611	100	155	472	75	217	64	36	164	61	62	201	41	50	250	132	165	65	319	128	82	349	39	26	523	88	83	358	104	331	122	53	295	43	62	252	43	98	823	133	135	134	349	148	125	378	24	35	401	181	257	382
91	229	437	122	84	276	76	114	306	55	120	794	134	213	181	648	207	101	364	41	34	705	112	160	398	139	296	72	96	316	72	119	409	87	126	894	148	107	120	405	111	122	359	27	33	627	87	152	525	109	219	53	33	162	47	92	166	57	61	276	124	154	80	322	132	88	342	56	20	527	83	99	412	129	359	134	42	286	36	45	223	57	106	831	136	143	130	395	122	162	332	24	24	441	192	261	392
92	250	428	157	68	278	81	122	287	67	126	756	129	158	154	676	208	97	369	39	31	708	111	169	395	143	297	51	97	333	93	111	414	93	160	818	194	123	103	425	112	137	359	26	24	571	97	151	527	78	232	78	32	140	51	60	178	62	39	260	123	137	69	338	140	84	338	49	18	486	86	99	350	119	345	135	48	269	44	49	249	48	91	891	142	112	156	367	104	109	348	21	29	431	222	280	398
93	218	429	136	81	294	71	84	291	60	109	679	135	193	143	576	196	107	382	42	31	728	104	156	415	135	280	42	72	308	69	100	357	73	118	827	143	99	77	404	97	104	322	28	38	579	97	160	455	95	242	57	32	116	57	74	207	60	63	243	114	129	77	333	119	76	314	36	23	481	96	76	362	110	298	127	43	233	44	52	219	39	93	821	111	126	132	318	118	108	312	26	22	432	199	260	388
94	231	407	146	65	308	79	102	301	55	109	741	137	198	164	632	188	94	349	43	27	713	123	151	430	127	291	56	82	325	72	106	434	84	143	826	141	136	94	419	112	115	389	28	45	625	93	141	497	98	228	59	36	125	62	64	212	60	47	255	136	171	69	345	127	77	322	35	20	499	91	84	317	108	313	127	46	270	55	50	266	41	93	758	130	101	135	376	119	116	355	33	32	425	159	295	363
95	231	366	114	61	288	79	104	269	48	111	712	135	199	160	571	215	92	327	36	27	679	95	162	383	125	289	55	114	275	62	101	381	72	141	824	150	106	85	383	103	128	348	40	31	556	87	145	454	93	218	70	36	156	62	72	162	49	55	222	111	145	84	321	125	72	301	44	21	481	77	82	330	121	318	135	39	263	43	54	230	45	90	771	118	106	113	346	103	102	334	18	31	376	193	244	388
96	220	423	136	69	282	75	114	304	62	138	722	117	183	154	625	164	99	368	39	20	682	114	157	427	145	248	64	101	289	64	99	425	79	125	789	136	123	105	438	115	100	349	33	32	562	100	136	474	96	205	53	31	141	69	67	184	51	48	259	119	144	59	301	124	81	346	40	15	467	79	96	361	111	302	132	41	268	41	46	239	51	98	822	131	121	135	336	121	133	323	23	38	439	195	259	390
97	216	383	129	63	287	65	100	270	60	116	756	125	158	161	604	207	97	336	35	22	686	121	162	412	141	259	56	88	283	70	121	406	68	122	783	137	118	84	410	95	103	327	21	29	497	78	126	448	76	241	49	28	169	64	74	163	57	57	288	122	141	71	325	129	85	292	47	24	511	92	104	336	101	313	133	40	266	45	59	207	61	87	819	133	104	134	322	116	124	342	23	29	379	168	238	363
98	237	358	137	71	268	57	109	274	65	130	713	135	173	149	605	216	86	320	38	32	693	93	170	431	136	280	51	98	324	57	107	386	72	138	785	149	116	95	410	101	99	320	33	33	539	82	122	472	80	230	60	31	158	51	78	166	47	58	244	114	144	59	313	130	77	329	37	16	457	85	65	364	106	313	135	31	265	49	43	241	38	83	792	123	110	125	334	111	110	335	26	28	395	181	246	396
99	231	381	119	72	285	66	104	274	66	93	715	142	196	155	658	183	88	359	38	26	680	105	160	418	147	292	64	91	298	56	98	363	98	152	794	154	111	102	373	107	115	338	33	39	571	88	145	408	83	205	67	27	138	57	63	171	59	68	257	133	121	60	311	106	79	301	33	24	478	88	81	321	118	267	112	47	248	32	52	245	48	88	820	163	126	115	344	110	115	334	21	28	412	200	241	395
100	222	402	150	68	284	58	108	292	53	122	687	129	156	148	596	197	99	320	38	36	651	108	164	410	115	278	65	88	329	73	103	420	74	122	795	147	110	98	408	89	107	343	20	23	515	90	119	443	90	224	52	29	142	49	69	192	55	51	212	127	149	73	300	125	82	285	36	29	456	85	82	334	115	332	133	35	282	46	53	219	47	99	755	128	119	137	331	105	110	347	30	26	394	174	232	368
101	232	412	128	62	266	57	98	259	52	112	678	156	164	142	600	168	100	313	28	31	614	98	150	378	130	279	49	76	304	68	116	389	62	103	814	131	92	81	362	77	109	345	15	22	523	85	141	435	79	189	69	37	153	49	57	171	47	46	240	126	151	78	293	107	73	299	45	14	446	78	95	365	105	312	123	41	226	41	38	241	45	104	764	119	97	138	344	92	106	337	25	32	391	143	266	377
102	229	387	147	56	264	76	116	248	48	101	669	105	182	150	569	189	96	308	31	31	600	91	149	382	122	242	53	86	294	69	102	410	71	108	762	132	99	88	381	114	116	345	29	23	485	85	130	468	90	216	53	26	151	45	72	162	48	58	239	98	167	46	296	111	95	301	48	19	410	80	95	318	99	278	117	33	241	34	51	213	49	90	786	118	115	116	358	113	120	311	21	33	378	133	266	389
103	241	368	142	67	262	63	87	278	53	110	687	108	170	157	581	176	80	322	28	25	663	99	130	400	128	284	52	86	303	83	91	402	75	114	783	167	110	98	368	89	100	331	23	27	565	81	122	427	93	202	61	30	124	47	62	187	41	44	247	103	135	59	302	142	82	310	45	23	478	84	98	318	96	298	117	57	214	41	47	220	44	89	789	120	111	126	318	122	111	328	22	38	392	158	260	341
104	220	356	108	77	310	60	97	266	54	105	670	132	151	151	582	188	81	376	39	25	636	102	157	388	113	275	60	106	295	50	93	416	66	117	687	134	101	72	374	117	96	359	34	33	545	89	135	446	76	218	48	30	149	55	57	190	50	45	238	112	139	73	281	112	81	311	44	19	457	95	83	299	91	307	83	35	258	39	46	225	37	78	761	99	100	96	335	111	119	306	28	23	381	167	217	364
105	243	381	111	51	305	64	112	262	44	85	691	127	168	138	595	187	102	365	44	26	715	94	144	393	107	289	59	79	254	72	117	397	68	109	771	146	127	87	381	90	130	331	26	29	510	87	156	439	95	207	58	38	136	37	67	179	44	47	250	109	147	75	297	113	79	286	40	21	455	92	87	342	107	312	115	44	237	45	43	212	32	99	757	115	107	146	344	113	117	306	22	19	375	162	231	353
106	227	410	132	69	279	66	100	276	53	119	694	126	158	145	564	192	105	339	42	27	640	105	172	380	114	279	58	90	263	57	87	379	60	124	725	146	107	77	344	93	122	328	21	27	555	82	141	436	88	201	71	31	144	64	73	148	55	41	250	118	142	66	291	122	71	296	33	16	428	60	72	319	101	293	112	38	231	45	42	235	39	89	741	129	118	129	295	118	125	338	27	25	364	164	234	353
107	237	380	99	69	236	66	85	239	53	101	616	129	159	147	585	170	85	272	31	20	581	102	145	372	137	269	53	85	268	69	101	407	55	133	731	140	105	91	368	107	99	361	25	21	483	80	130	406	74	203	47	23	139	52	62	148	39	63	207	97	142	59	314	120	77	298	36	14	386	71	71	326	79	282	109	34	229	42	37	219	51	85	688	101	106	124	323	100	125	296	18	28	387	180	221	319
108	183	349	131	65	249	59	80	242	36	115	647	120	130	149	559	166	79	288	28	29	602	65	153	387	105	265	63	85	281	52	86	389	71	108	681	118	95	96	366	75	113	319	20	33	517	71	117	373	71	195	55	31	158	35	52	154	49	46	228	88	141	77	266	128	70	277	41	13	412	63	78	301	93	227	95	40	201	28	41	218	24	74	674	106	95	110	295	100	112	330	18	27	360	170	227	336
109	219	381	121	76	260	61	86	277	59	105	646	138	156	152	589	180	90	291	37	24	660	105	154	386	135	273	44	71	267	76	106	361	66	130	724	134	96	77	360	121	111	336	28	30	549	78	120	431	60	208	60	35	131	61	70	167	45	48	258	101	162	68	298	109	73	289	31	26	419	66	83	333	105	282	117	45	227	40	50	219	39	98	747	124	117	108	318	98	103	292	27	26	383	181	248	320
110	214	373	136	56	258	74	79	246	53	108	666	144	179	148	558	183	67	296	37	28	601	98	152	348	121	227	50	83	274	59	101	343	65	136	712	144	92	91	366	79	97	296	26	25	472	84	129	417	74	223	50	27	126	48	59	162	43	39	211	123	146	70	307	123	65	283	36	20	408	101	80	325	92	266	125	31	220	44	48	182	41	85	677	105	95	112	296	92	119	273	17	22	354	140	235	319
111	214	341	120	47	212	60	92	255	36	116	613	106	163	115	508	182	74	310	35	23	650	105	147	311	115	239	45	73	253	73	96	380	72	105	701	124	107	98	368	89	91	282	22	27	577	70	98	392	73	207	48	25	124	65	58	154	42	54	235	103	125	70	284	95	73	296	29	8	380	61	76	305	99	247	98	44	217	42	33	189	29	99	700	91	102	128	281	93	121	269	20	19	356	147	238	319
112	208	356	125	64	263	60	85	234	38	100	582	92	163	128	488	167	81	330	40	30	541	85	120	326	122	245	56	80	241	55	86	370	63	117	661	116	96	84	349	86	97	315	35	32	502	76	122	410	64	194	54	22	112	68	57	143	47	55	235	114	134	64	263	105	72	277	35	13	379	75	76	316	103	258	110	39	206	36	37	225	32	78	759	120	124	130	281	84	90	315	25	26	354	120	225	317
113	198	366	119	47	230	45	91	245	52	105	603	110	151	150	507	162	101	319	46	31	618	99	119	345	114	238	60	84	278	56	93	367	63	102	708	123	85	92	318	91	108	293	28	23	511	57	119	428	67	200	54	32	139	49	54	176	44	45	246	109	137	64	271	115	62	316	31	25	427	77	80	324	113	309	118	38	240	41	34	212	40	74	694	90	80	130	324	85	96	307	29	33	369	163	220	360
114	207	337	115	66	236	65	72	262	56	110	613	116	125	133	535	174	73	303	29	16	555	74	124	385	117	244	40	70	234	52	78	408	68	121	683	137	83	76	326	88	112	290	21	24	493	65	125	397	79	196	45	23	127	46	40	163	47	52	186	106	119	61	246	88	76	255	30	23	411	70	69	314	116	254	109	36	206	49	58	231	38	75	681	121	99	99	294	98	105	321	16	25	383	171	213	298
115	184	366	104	59	233	60	74	246	48	99	581	122	142	140	510	190	70	286	27	24	536	85	127	351	108	220	51	75	238	54	88	350	62	115	619	117	92	84	302	88	104	299	15	26	453	65	103	367	62	208	41	21	154	43	60	142	46	40	222	98	134	70	295	96	80	262	32	19	364	70	66	284	94	247	109	33	192	36	32	182	34	79	670	95	81	107	298	94	105	262	18	23	304	135	200	321
116	198	343	111	62	246	58	93	244	52	89	582	100	147	147	560	161	77	329	32	19	604	91	135	361	128	257	62	93	247	57	88	399	69	130	650	134	89	83	327	89	124	295	35	26	454	68	121	377	95	201	47	20	124	44	58	168	43	48	190	104	141	59	269	141	75	269	31	15	417	73	71	304	99	269	102	35	234	34	49	184	50	79	680	96	112	113	285	96	109	286	26	23	364	166	199	324
117	186	356	104	52	232	49	101	216	37	84	625	128	158	130	495	185	102	306	43	22	574	93	163	360	121	258	43	84	239	49	107	392	69	114	737	151	92	76	349	109	93	296	23	31	479	85	118	417	66	180	44	20	119	50	53	164	41	37	233	115	135	57	272	104	64	254	34	16	401	69	69	288	98	274	107	41	195	28	45	212	31	84	742	110	98	110	290	114	94	299	16	22	350	153	219	322
118	179	358	118	67	227	58	74	222	62	112	562	108	140	113	478	161	66	287	37	18	546	91	124	313	101	239	42	81	263	65	85	370	82	114	668	127	68	61	347	77	104	314	20	22	473	70	113	373	64	181	45	26	123	44	61	152	35	45	187	107	106	57	261	108	73	259	27	14	390	74	70	286	98	253	105	37	201	34	29	176	29	83	652	108	93	120	301	92	107	270	23	31	374	127	203	331
119	186	327	101	73	220	57	81	209	44	89	638	102	139	118	520	149	81	264	20	23	568	92	129	325	104	229	61	61	233	70	70	351	55	115	651	112	103	74	292	98	80	300	26	22	456	90	128	353	54	167	44	27	114	59	44	148	41	49	209	82	133	52	261	107	70	274	36	14	381	57	77	297	90	241	106	29	189	34	42	209	46	74	660	114	96	118	272	81	84	267	16	26	366	151	209	305
120	199	341	109	50	239	55	78	242	57	87	597	116	121	122	509	158	60	251	34	20	544	89	138	339	100	249	47	70	244	62	82	317	60	131	610	124	91	85	329	81	87	284	21	20	434	67	127	382	56	170	38	27	124	39	60	138	44	45	198	93	120	52	243	99	69	263	43	11	366	55	76	311	86	240	99	29	179	34	41	188	38	82	667	88	82	106	273	82	106	257	27	18	298	143	187	292
121	163	285	99	56	223	38	80	167	41	93	545	88	135	128	475	168	73	248	28	25	512	78	106	329	90	238	50	63	230	43	83	344	61	97	644	124	83	85	330	85	77	263	25	31	438	58	92	345	69	186	55	29	108	37	47	140	45	34	219	92	122	53	261	107	60	249	37	19	351	76	71	289	66	238	110	29	196	52	34	198	34	76	649	109	89	118	251	81	103	255	20	19	306	126	211	273
122	200	319	114	61	229	61	82	215	49	105	598	121	142	119	524	145	66	270	31	22	577	91	136	342	102	210	36	80	247	49	76	361	71	112	639	127	89	77	327	80	87	295	19	22	491	79	103	376	68	200	61	22	113	41	42	135	44	50	184	95	116	50	283	114	56	265	30	12	409	62	74	264	104	250	97	32	226	38	43	179	28	77	654	102	117	106	260	105	114	284	14	20	324	136	186	291
123	200	310	112	47	223	56	78	202	40	77	520	118	142	118	464	137	73	258	45	20	509	83	157	295	84	216	54	57	230	51	79	307	55	92	678	127	105	73	283	65	88	255	26	23	451	78	97	351	54	171	44	26	99	43	53	128	47	43	197	100	104	60	241	95	54	276	35	20	353	54	76	268	74	212	83	28	197	32	53	207	32	65	571	111	105	97	265	104	83	253	29	21	325	132	217	292
124	194	322	106	50	225	52	97	226	27	92	597	106	143	117	504	160	92	264	37	14	553	88	149	368	99	266	43	85	287	53	101	336	59	94	678	115	107	68	323	72	82	316	29	30	452	60	107	414	64	180	33	19	119	35	54	131	27	48	178	104	133	52	248	120	72	261	31	19	385	71	84	283	107	258	103	36	211	39	34	201	38	88	701	103	107	90	286	82	96	268	23	30	325	154	211	300
125	170	303	103	52	229	64	66	236	46	78	572	114	120	146	502	143	79	256	40	21	593	93	131	311	85	236	53	76	260	49	92	318	59	98	615	108	76	71	318	90	100	287	18	27	400	72	111	374	55	191	45	18	114	32	64	129	44	38	189	90	100	45	243	103	59	246	31	15	337	71	74	263	84	261	107	26	214	44	42	184	37	76	675	97	95	106	293	93	116	273	20	28	336	143	217	265
126	181	281	85	61	192	46	62	194	49	86	512	74	102	108	429	156	61	228	30	19	526	71	137	281	86	236	37	69	213	51	73	302	44	100	584	96	65	73	269	83	91	221	13	13	370	60	85	330	67	170	45	19	105	31	52	128	32	47	167	92	94	51	218	92	43	235	33	18	362	59	62	255	85	233	82	34	204	39	29	153	35	70	603	103	109	88	248	84	79	240	16	20	303	130	156	267
127	169	305	110	54	193	53	78	183	40	88	507	94	116	102	482	141	67	278	28	25	471	80	131	319	100	202	50	53	236	57	77	340	51	114	569	113	89	64	303	74	83	263	25	20	430	66	108	385	69	151	39	23	105	44	56	108	29	51	178	77	112	50	246	103	58	232	33	14	380	56	74	245	81	223	82	30	187	28	36	171	26	69	598	96	82	112	261	87	88	253	12	25	295	124	202	249
128	168	317	82	48	211	54	78	222	43	95	557	96	111	108	457	167	67	242	26	27	515	82	140	333	91	189	49	53	228	50	79	316	50	99	577	116	75	70	327	73	98	296	19	23	428	73	135	351	48	154	45	24	118	40	51	128	35	33	166	106	109	42	226	89	62	221	33	12	374	73	75	295	74	245	91	40	178	33	47	173	40	75	619	106	86	97	265	88	97	252	26	30	314	142	175	276
129	193	296	85	46	207	46	67	208	36	83	528	85	136	99	437	121	56	230	35	28	471	66	105	283	91	217	54	66	237	47	71	301	50	87	605	104	82	66	302	79	80	269	19	25	412	68	102	328	49	177	51	19	108	35	43	113	35	39	187	92	136	42	219	97	47	233	31	16	346	69	68	234	75	226	87	29	173	36	44	171	30	55	531	80	82	95	252	90	96	264	15	22	317	139	189	255
130	172	322	112	53	232	62	70	244	39	73	530	98	124	120	478	139	69	283	32	20	537	71	117	313	100	198	50	64	216	50	73	296	68	93	628	119	77	53	301	85	104	279	17	14	425	63	89	335	69	171	46	21	109	44	56	133	41	41	199	94	101	48	229	107	68	249	30	15	349	60	66	276	83	238	80	25	172	30	38	187	33	77	622	101	83	124	246	100	85	270	18	19	326	137	197	263
131	157	281	87	48	191	52	72	207	39	75	513	84	111	92	449	124	79	244	27	19	439	73	102	276	75	201	36	69	236	42	78	301	55	92	621	115	72	56	307	70	87	266	21	16	408	48	106	319	56	160	39	23	105	41	42	110	30	34	202	72	110	64	211	82	64	218	26	18	310	69	60	231	86	241	82	27	188	34	32	177	26	64	571	100	65	78	234	69	86	242	14	18	285	110	164	269
132	160	301	85	48	206	47	66	177	43	80	467	110	134	107	449	146	60	255	23	19	473	66	119	267	92	213	42	65	268	47	83	305	47	101	560	94	81	61	285	80	73	283	19	24	433	68	108	322	54	168	41	17	105	36	44	131	35	36	162	89	109	56	219	64	71	209	43	9	323	60	60	223	81	210	77	31	191	36	41	173	32	79	584	81	84	97	240	88	87	217	15	22	295	131	157	253
133	169	287	95	47	176	47	73	209	43	78	497	90	118	135	465	139	69	246	27	25	480	77	110	320	83	192	44	57	206	61	72	331	52	113	627	111	75	71	293	77	70	266	20	22	406	74	90	306	52	140	46	26	112	46	52	109	31	37	205	89	106	48	259	87	75	220	26	16	300	60	52	239	84	220	79	33	195	23	32	159	31	73	579	90	73	92	246	84	76	265	21	26	314	139	160	248
134	152	310	81	52	189	46	59	211	32	87	479	96	139	115	447	130	73	274	33	21	520	74	105	302	70	204	38	58	235	35	75	309	43	99	600	111	91	68	311	96	91	256	21	17	428	63	112	328	61	180	48	15	91	34	48	117	39	41	218	77	111	49	238	94	67	223	36	16	356	62	68	219	89	219	86	33	166	36	32	159	39	75	585	83	88	114	275	84	91	223	18	23	299	149	171	264
135	159	262	99	39	196	60	71	216	46	79	489	89	110	98	408	122	67	231	21	15	466	60	124	263	95	197	47	46	218	46	71	295	62	86	580	97	75	71	288	74	73	251	11	23	396	66	93	314	61	150	36	24	84	41	34	103	35	27	170	83	112	45	214	81	52	230	24	17	326	54	56	232	72	201	101	36	212	28	42	154	26	67	574	81	84	110	251	74	79	238	20	21	287	111	166	293
136	157	292	91	37	213	53	69	205	37	93	552	113	128	124	438	118	69	266	29	23	511	69	120	323	87	207	40	69	201	50	92	275	60	73	596	124	88	61	277	76	91	259	15	34	433	64	106	312	66	164	42	19	110	51	49	124	39	41	200	85	107	54	232	85	57	234	42	15	330	65	54	241	67	206	97	36	185	39	39	174	22	80	628	87	95	106	267	90	78	233	15	14	325	140	181	276
137	171	292	94	44	207	35	70	191	29	101	506	68	109	123	428	138	63	218	30	18	462	74	107	330	97	241	51	70	255	60	95	297	61	103	598	86	69	74	258	80	87	259	22	17	407	72	93	336	70	186	41	30	100	29	52	107	29	41	231	74	88	60	243	110	56	225	35	19	304	54	76	262	79	243	90	28	167	30	39	174	31	65	589	93	86	87	287	76	87	217	12	23	303	135	198	234
138	155	289	95	47	223	52	67	204	41	104	531	87	136	106	433	152	63	252	17	23	478	71	118	293	89	202	46	67	215	68	67	309	66	89	604	105	63	66	290	77	83	250	23	25	443	63	106	349	84	171	42	16	95	42	43	133	31	33	183	99	111	55	220	81	55	208	21	15	353	53	72	242	91	239	79	31	210	21	26	154	40	73	592	98	93	109	242	76	95	237	15	27	324	114	187	278
139	149	258	83	58	203	43	67	198	39	89	494	92	118	116	444	137	65	249	26	15	444	73	107	301	94	191	33	61	189	49	77	259	61	97	577	92	75	83	279	73	85	262	29	26	382	49	91	295	54	133	40	20	115	45	44	108	35	29	169	75	99	53	226	102	48	213	24	13	286	58	60	209	77	216	93	27	189	30	40	171	24	62	569	75	95	80	240	71	94	257	17	21	307	123	189	261
140	156	265	99	42	200	47	63	177	38	68	480	84	112	109	389	136	51	202	26	20	427	69	116	272	73	177	38	69	208	53	67	267	40	71	543	86	79	62	290	75	90	239	19	22	380	53	84	326	56	172	39	18	90	45	48	120	36	31	144	82	81	44	213	80	58	226	32	14	299	69	62	233	77	215	67	21	158	33	23	156	30	74	513	95	78	94	225	77	88	219	13	27	286	122	175	255
141	156	262	95	51	181	55	60	177	36	73	519	83	116	110	403	153	66	225	32	19	500	86	116	304	94	181	41	66	211	53	83	275	69	98	571	112	81	69	275	63	76	261	19	24	366	70	92	335	65	134	39	28	86	36	48	120	29	43	181	88	119	55	246	78	55	235	24	14	316	66	57	228	78	219	73	37	163	27	37	159	27	70	583	110	76	95	261	75	68	232	19	24	282	128	152	248
142	158	261	91	40	193	40	74	188	44	77	507	90	110	88	416	126	54	232	37	18	495	70	116	257	72	197	28	67	192	49	67	280	46	88	570	87	82	58	281	71	87	222	19	25	371	50	98	316	43	144	45	25	100	38	50	110	39	28	186	67	79	47	209	75	60	223	27	9	304	55	58	224	90	218	80	28	146	34	45	173	21	59	567	75	84	91	263	69	71	235	19	19	248	94	186	245
143	169	281	79	48	213	49	74	193	43	76	520	98	136	117	436	137	65	251	27	16	474	59	122	264	76	199	33	51	201	52	77	283	41	91	551	109	69	64	262	76	80	245	19	20	351	55	87	346	57	170	38	17	116	37	44	133	28	33	152	82	99	40	222	87	48	223	23	17	324	61	51	215	60	247	87	31	175	25	29	166	22	65	542	84	73	80	252	83	70	239	16	21	281	130	167	239
144	151	323	88	32	172	39	86	199	41	80	455	84	130	100	424	129	58	257	21	18	456	66	114	275	84	226	41	60	200	42	69	268	51	79	581	106	72	60	271	85	74	235	22	20	428	68	107	338	59	150	41	17	110	35	37	115	35	39	177	72	95	52	196	97	50	217	27	11	305	76	57	252	76	218	79	25	175	26	31	158	32	71	528	80	73	97	242	74	71	247	21	16	317	120	170	237
145	171	255	74	41	177	46	75	193	35	70	475	72	117	93	377	116	62	202	20	18	427	65	111	262	71	189	41	51	180	48	87	270	63	98	546	101	72	53	252	81	77	227	17	22	370	51	82	309	59	167	51	22	89	39	46	94	36	35	164	73	99	49	204	74	61	216	28	11	286	58	61	221	87	197	82	24	151	29	37	144	23	56	538	100	66	95	237	69	82	215	19	20	287	126	160	244
146	152	274	70	50	175	48	53	186	40	66	469	74	126	104	383	135	63	211	26	23	458	56	123	259	92	194	47	50	208	37	79	261	55	87	545	83	74	64	242	75	73	226	22	20	389	61	99	275	59	138	45	31	98	40	50	112	27	38	152	86	125	60	218	94	63	184	21	15	282	44	64	238	72	190	83	24	153	35	40	159	25	68	512	68	71	88	244	88	88	242	20	17	265	118	167	257
147	140	231	72	45	140	43	64	174	31	69	410	61	127	117	374	117	58	208	22	20	391	61	88	262	56	191	31	52	179	46	73	301	46	57	542	96	68	66	248	62	78	255	19	30	365	55	83	281	42	141	33	22	80	33	35	106	27	29	168	78	114	39	193	83	62	194	31	10	287	58	64	218	70	182	78	25	152	20	31	143	27	45	478	70	72	80	230	64	70	222	12	25	243	118	172	218
148	152	270	89	49	173	46	53	191	34	88	456	82	104	102	376	118	57	251	19	23	464	62	92	257	88	179	34	61	174	43	88	253	47	82	565	94	69	62	274	63	84	255	15	24	351	58	116	291	59	136	42	25	87	40	55	116	34	40	153	100	94	49	168	82	62	219	24	16	313	56	43	218	68	200	77	29	154	27	36	134	36	51	540	80	77	76	228	95	79	232	18	19	259	122	160	259
149	151	285	101	43	165	32	64	182	31	90	458	76	123	116	431	126	75	247	27	16	457	68	111	313	79	183	48	70	199	34	73	259	39	70	519	85	67	61	258	73	90	218	15	16	391	58	78	310	56	136	30	19	99	28	36	98	49	29	168	80	89	51	212	93	59	242	33	12	307	51	64	254	70	194	94	31	165	29	40	155	26	56	521	76	70	94	221	65	86	225	18	20	282	119	164	251
150	135	243	80	50	171	36	69	157	37	73	450	76	108	99	379	136	70	238	22	20	442	70	95	248	81	167	37	58	195	28	65	248	43	73	541	92	64	50	242	73	70	239	16	26	353	45	79	280	38	117	36	28	91	24	40	120	32	32	168	65	103	46	193	75	52	220	35	9	284	47	63	202	58	197	66	21	136	29	30	131	25	52	504	53	92	78	242	82	75	203	18	20	262	118	151	227
151	153	260	84	45	171	53	60	177	40	78	425	81	109	108	360	115	60	207	21	15	407	63	125	276	78	187	34	41	208	43	64	272	42	92	512	79	79	47	254	65	81	210	11	12	390	47	74	298	47	115	28	20	68	35	46	104	36	27	146	59	86	46	212	68	50	202	26	12	290	49	49	216	53	195	70	30	161	30	37	141	26	56	515	97	68	80	195	74	76	217	13	22	267	122	169	245
152	157	250	81	48	172	50	67	152	30	61	455	91	87	100	349	135	53	200	17	18	401	59	68	231	86	184	31	55	186	39	69	276	45	83	507	107	67	61	271	63	82	208	20	20	374	53	91	281	48	144	34	12	98	29	33	114	37	22	149	65	101	48	200	75	56	204	31	13	300	46	58	185	64	194	79	28	135	21	32	150	34	57	475	76	71	98	197	65	82	204	16	16	287	117	149	241
153	137	258	80	49	155	45	54	183	37	62	424	74	111	85	383	130	54	199	22	18	414	55	87	243	64	181	35	61	208	40	62	256	39	80	537	82	53	56	259	52	84	201	13	20	346	58	91	302	51	149	35	19	89	37	47	97	30	33	152	81	101	48	182	85	52	210	21	12	270	56	57	214	65	210	64	24	158	26	38	132	19	55	446	67	84	75	216	78	64	197	16	19	259	118	143	237
154	125	252	78	41	182	28	58	188	30	64	410	80	116	104	375	112	66	243	25	20	436	72	94	250	99	186	43	71	210	41	63	253	43	86	474	85	71	61	259	85	65	226	16	15	317	71	89	280	49	108	25	21	87	34	41	108	44	35	160	75	102	47	187	92	64	202	19	12	319	41	59	229	76	208	87	25	174	29	46	153	28	59	491	80	76	91	242	71	79	212	15	13	232	102	176	250
155	118	242	71	45	174	26	65	159	40	75	439	88	116	88	365	127	61	208	26	21	395	65	81	229	74	176	32	58	178	38	67	276	50	75	494	97	78	53	236	68	54	248	17	20	314	49	73	260	43	135	50	19	97	36	40	109	43	32	141	69	82	32	163	64	44	197	23	12	294	61	51	205	54	185	70	21	173	18	23	126	26	56	466	72	59	96	215	68	71	180	14	29	225	119	178	224
156	125	267	99	42	170	55	63	202	43	72	453	90	97	83	380	125	52	228	22	15	413	57	104	284	73	175	35	61	162	44	62	244	37	78	499	96	75	58	253	70	63	253	19	19	356	48	94	302	62	140	40	16	104	32	44	109	41	42	178	76	95	37	187	95	51	195	33	8	294	59	60	188	62	182	73	32	167	32	35	143	31	59	555	93	92	75	247	74	75	220	14	19	257	111	159	241
157	156	242	71	50	150	37	52	159	35	79	417	68	104	80	382	123	55	189	26	14	362	55	127	245	67	183	45	46	172	41	80	247	44	78	512	98	62	61	222	65	59	224	26	23	353	67	95	292	66	122	43	27	88	44	44	102	32	29	132	75	84	36	184	78	50	190	29	14	301	40	45	221	84	203	71	28	166	22	38	150	26	65	460	86	61	84	221	74	73	201	13	19	238	104	163	208
158	143	215	90	37	183	47	59	167	45	76	430	54	108	90	414	105	48	212	24	19	432	66	106	260	80	169	39	66	189	41	70	263	46	65	487	85	60	64	267	63	74	190	15	27	343	46	87	323	72	134	37	23	99	24	42	128	30	28	134	85	87	39	195	83	38	203	28	9	267	52	49	214	74	174	72	21	148	20	33	139	31	64	503	73	75	69	222	65	71	187	8	10	226	116	155	246
159	125	232	81	29	154	38	58	148	31	88	415	75	92	90	360	113	72	227	28	26	427	55	96	224	83	149	34	57	181	36	70	233	37	82	449	93	72	63	205	61	63	188	20	15	317	55	91	275	49	127	27	19	84	32	36	97	31	31	153	53	79	37	166	56	51	151	24	14	275	42	53	199	66	187	82	20	133	24	33	148	29	61	447	74	63	86	196	62	75	194	18	20	231	97	159	224
160	142	233	72	38	157	37	55	175	40	65	457	69	106	106	356	137	54	216	22	12	400	69	106	234	72	158	34	68	156	44	73	265	40	81	485	84	63	61	238	60	60	201	9	14	356	57	81	268	42	133	30	21	85	26	34	98	25	29	158	69	83	41	183	65	50	175	30	8	254	51	59	218	58	205	71	29	145	26	33	124	32	57	474	71	79	78	208	65	69	210	11	11	241	106	149	220
161	161	249	61	38	194	31	75	160	45	64	429	68	116	99	354	102	47	214	22	11	406	50	84	249	72	172	31	54	185	39	68	238	44	90	487	94	66	65	272	71	66	221	22	18	335	57	87	263	47	135	38	24	87	33	60	97	32	33	161	60	107	52	210	74	53	200	25	6	279	68	54	219	62	206	81	26	134	20	30	158	31	55	476	83	93	72	240	66	70	225	21	18	233	91	149	214
162	124	217	57	36	156	34	57	154	42	61	379	72	95	91	349	130	53	185	18	13	357	61	90	254	69	150	24	52	176	28	48	214	42	73	436	78	66	52	190	54	56	192	17	21	328	54	91	246	55	140	29	24	100	39	39	100	31	32	148	85	66	39	180	64	54	161	31	14	254	39	58	215	65	170	89	32	147	18	32	129	21	49	437	68	62	78	191	45	69	187	13	13	250	98	131	200
163	126	259	68	33	166	43	63	151	27	62	411	52	111	92	360	107	75	196	18	15	414	58	94	245	79	168	40	41	166	37	77	225	37	73	499	89	77	73	233	35	79	190	15	16	335	57	97	275	48	118	32	19	110	43	28	109	30	30	141	70	99	40	209	74	51	201	25	7	266	37	53	203	53	186	64	21	156	27	27	139	25	49	455	77	77	77	190	60	77	174	14	15	236	103	159	214
164	144	218	72	41	169	38	62	145	27	67	405	73	106	109	337	118	52	202	13	16	380	46	85	240	66	163	29	57	183	23	59	221	45	61	407	79	59	56	233	58	70	209	20	17	332	49	76	233	50	99	40	22	75	24	27	96	24	36	152	63	88	35	171	71	46	200	32	10	226	40	53	187	71	186	64	21	146	18	23	101	24	56	447	76	79	65	200	67	76	199	11	11	227	112	152	207
165	121	197	68	37	156	27	52	159	35	75	395	51	93	74	337	98	56	220	31	10	410	59	83	229	68	160	35	51	145	45	52	231	39	70	486	80	50	58	215	56	63	207	12	28	354	52	78	225	42	116	29	20	81	27	34	93	33	32	134	65	102	40	171	71	39	176	24	13	289	43	52	204	74	188	66	22	138	23	30	125	20	40	436	66	72	83	197	73	69	187	11	12	242	95	138	194
166	129	190	85	32	169	48	52	147	34	60	364	73	103	77	349	100	61	181	22	14	393	55	80	229	61	156	27	58	177	40	61	234	41	65	468	76	54	63	243	58	67	186	10	19	322	40	76	262	48	112	36	16	82	30	32	106	35	19	127	62	67	46	176	51	49	187	26	17	275	46	43	208	64	191	60	24	128	22	21	118	17	48	475	78	68	71	207	80	72	177	20	26	234	81	137	222
167	160	216	79	33	153	43	63	176	35	66	403	64	105	76	346	129	62	189	21	11	388	58	75	216	77	148	38	49	177	42	47	229	45	70	409	79	74	43	223	75	59	238	16	23	316	37	92	258	43	111	37	14	77	27	44	100	24	22	148	66	76	42	195	75	64	195	28	14	289	45	48	183	58	172	61	30	164	30	35	129	20	50	442	79	67	77	203	68	73	191	16	12	238	101	154	212
168	147	252	80	41	162	39	67	128	45	65	438	78	104	89	347	110	49	222	20	14	394	51	88	254	81	152	32	50	181	42	57	233	53	85	476	87	65	63	245	60	62	192	12	16	336	53	81	300	44	133	20	17	82	44	51	88	32	31	117	77	99	48	186	64	55	184	31	8	256	42	67	203	78	171	88	29	134	17	32	140	33	61	466	64	61	81	191	67	65	194	12	22	257	99	125	214
169	137	206	71	35	135	42	59	145	28	63	391	70	99	87	341	99	56	182	24	20	409	61	88	252	65	163	44	58	175	30	48	201	43	82	459	77	56	50	228	49	63	202	15	17	322	48	78	246	54	131	23	14	95	27	27	97	28	31	148	69	65	50	180	70	52	165	21	15	277	54	52	197	59	197	66	20	147	23	28	113	18	56	427	70	67	77	177	58	70	198	15	13	215	90	133	222
170	128	215	61	40	147	43	46	152	29	55	379	71	101	78	315	98	70	203	20	14	377	58	71	234	76	147	26	55	146	53	54	245	46	73	436	79	54	52	203	51	60	186	14	18	299	43	65	231	40	132	35	18	74	29	42	85	24	34	128	59	86	41	181	70	38	180	27	10	239	58	49	183	49	170	62	27	138	19	20	110	21	44	386	61	53	74	206	58	68	169	16	23	226	100	128	183
171	135	215	73	29	162	35	47	144	24	53	358	51	97	73	326	103	48	180	15	8	340	50	88	215	52	150	34	38	173	29	61	211	38	71	454	82	65	45	188	41	54	182	20	19	309	49	78	250	41	98	31	15	80	29	41	90	21	26	132	56	76	32	179	52	46	169	22	9	282	41	48	169	54	146	66	17	126	20	17	143	24	51	426	63	72	70	203	61	57	220	18	14	204	84	123	194
172	133	233	74	44	140	27	54	129	25	72	391	73	106	88	326	103	51	198	14	5	346	45	71	218	69	163	37	48	175	46	68	232	36	77	462	75	77	54	213	56	72	208	21	27	298	43	84	247	61	120	36	19	73	27	45	107	26	41	122	61	87	32	184	80	39	192	27	13	257	56	40	182	61	171	69	25	123	19	29	140	20	55	453	65	73	69	194	54	68	186	10	16	192	99	136	184
173	125	210	62	20	157	38	55	142	24	61	357	72	81	69	310	101	39	180	13	17	377	57	88	207	63	162	40	49	160	31	72	211	38	68	442	76	55	50	210	50	48	220	13	13	290	56	64	275	45	138	37	13	76	25	29	97	29	24	155	62	78	39	160	65	31	154	29	10	233	49	49	168	59	168	57	28	142	23	23	133	15	39	412	64	71	60	182	63	53	192	11	11	192	92	145	185
174	122	206	67	38	141	38	44	143	38	60	394	73	78	92	337	97	58	166	22	16	323	65	84	198	74	150	30	46	161	31	62	210	34	69	417	71	63	52	208	45	47	191	17	20	292	40	68	254	41	128	35	12	85	31	41	98	22	29	120	62	77	33	186	58	45	157	15	9	243	63	35	177	45	190	63	13	141	22	31	119	22	49	452	65	53	79	184	64	67	182	17	24	206	92	131	195
175	135	215	72	34	132	41	44	135	30	78	390	57	97	89	346	90	48	177	19	16	326	60	88	224	72	137	36	54	155	28	71	202	43	56	397	71	57	48	189	55	60	206	20	9	301	47	59	235	45	131	19	15	93	28	32	87	22	26	123	54	87	45	149	68	47	184	25	12	255	46	48	167	51	183	83	29	137	23	29	114	23	44	421	42	53	62	172	44	60	180	14	11	227	107	140	174
176	132	204	67	37	169	40	53	127	35	53	375	71	110	83	288	113	34	208	23	18	366	74	93	215	82	141	32	39	207	37	47	230	35	78	403	66	55	58	231	50	62	160	10	22	274	32	73	229	48	129	26	19	72	37	42	96	24	24	122	56	64	42	189	69	39	155	23	12	247	42	40	166	45	155	53	16	127	24	27	142	22	59	434	69	65	70	180	60	87	169	17	11	198	97	139	213
177	115	209	67	37	121	30	28	143	36	60	368	57	85	69	316	107	45	156	15	10	310	54	75	215	66	135	23	32	162	23	47	207	38	72	344	83	70	51	177	54	48	173	10	15	270	49	64	250	43	104	28	14	65	26	41	87	29	35	112	51	66	43	152	62	42	160	18	16	219	37	45	174	49	156	71	18	120	22	19	112	17	51	424	63	57	63	159	59	70	157	11	16	217	80	128	193
178	109	200	66	41	144	29	56	147	28	62	369	78	81	72	309	91	55	195	19	12	341	50	81	236	67	152	31	39	156	29	47	212	40	63	413	69	61	49	204	40	65	189	12	23	297	52	58	211	49	110	28	18	78	23	49	89	27	27	113	47	76	35	162	55	39	149	19	8	208	34	49	187	53	166	64	34	125	23	25	113	18	53	413	74	51	63	210	60	55	165	12	10	205	85	126	173
179	130	195	62	29	137	32	56	138	17	73	346	73	109	87	325	92	46	176	17	14	320	64	98	208	58	121	26	56	150	51	51	215	39	65	432	61	64	54	211	58	65	188	13	10	284	50	65	219	50	119	41	11	69	23	35	84	20	27	118	43	75	38	159	65	38	201	19	12	226	50	41	188	54	166	67	23	131	14	28	124	20	47	395	69	62	65	163	44	45	161	9	8	163	92	127	198
180	121	200	70	39	144	37	54	134	31	61	379	68	99	62	325	107	48	182	15	15	346	54	77	202	67	155	31	55	141	37	62	204	30	73	427	85	59	75	164	50	53	178	18	15	276	68	83	253	38	122	25	18	80	35	38	84	21	33	114	64	74	30	144	53	42	152	16	9	232	41	52	169	56	165	67	24	121	18	20	124	17	40	442	74	53	67	177	60	80	175	14	17	212	83	157	217
181	119	194	52	43	137	42	56	159	21	71	400	65	73	70	336	114	50	172	19	18	346	58	71	195	70	132	26	32	158	39	51	196	42	72	421	63	44	58	205	59	69	182	12	14	265	47	71	223	38	113	45	18	77	31	41	99	27	26	137	66	78	41	146	55	41	178	21	5	212	45	39	172	49	133	57	27	123	14	33	112	27	40	380	64	59	81	169	55	58	160	12	13	179	96	142	220
182	115	204	69	38	134	39	39	121	25	53	314	64	81	90	311	95	50	164	18	16	315	47	87	204	69	131	25	39	148	26	35	212	40	66	353	65	74	45	167	35	62	184	8	20	268	45	64	213	52	107	26	13	65	40	42	86	28	30	125	58	82	33	146	71	41	149	26	9	210	43	57	171	39	136	66	17	142	26	23	117	19	57	401	72	59	60	164	59	54	182	17	20	203	90	111	196
183	122	195	76	31	137	41	58	113	15	54	374	62	84	101	304	87	43	178	28	15	323	52	64	207	76	138	32	44	143	34	60	205	34	78	343	85	47	45	197	52	54	164	12	15	241	38	64	234	42	93	34	11	77	23	35	68	21	25	117	66	69	30	146	49	39	148	25	11	231	45	46	165	49	155	65	15	132	15	29	118	15	42	423	56	61	65	172	52	56	174	10	10	204	84	128	179
184	119	193	74	38	129	28	53	139	24	70	314	68	89	71	284	82	51	170	19	14	334	50	71	221	64	122	35	53	122	32	41	200	34	57	410	72	56	51	207	46	48	160	10	16	289	48	65	262	49	107	24	15	61	32	31	89	21	27	135	55	75	39	151	54	40	151	18	14	213	42	46	167	59	135	60	19	116	14	28	108	20	50	410	66	60	75	169	51	63	162	11	11	191	86	113	194
185	102	204	57	32	146	44	56	154	24	54	368	60	91	70	302	102	47	155	14	13	322	58	85	204	56	115	28	45	155	34	51	184	28	71	368	69	57	36	197	54	50	143	7	23	265	46	59	212	39	95	18	15	82	26	29	93	23	25	137	52	71	33	143	61	43	161	24	12	188	45	54	168	65	172	58	12	135	19	25	101	25	46	398	56	50	56	184	46	66	159	9	12	181	97	96	200
186	125	200	60	36	157	34	60	146	21	57	364	55	77	74	340	95	41	164	18	19	316	46	90	208	62	141	21	52	143	37	61	208	35	61	371	77	60	43	184	47	35	166	17	18	250	44	61	220	46	91	38	15	66	23	28	79	22	23	104	58	66	43	145	57	42	177	17	8	224	41	43	166	53	140	72	22	119	25	26	106	19	46	382	53	63	48	169	44	79	155	10	13	236	85	118	171
187	115	188	64	41	120	22	49	129	18	44	293	55	84	71	302	89	56	164	12	9	344	38	61	209	51	134	41	40	135	31	45	195	25	43	369	71	54	45	171	45	57	177	14	13	292	48	54	208	34	88	34	13	64	19	40	85	24	24	105	51	78	30	122	60	31	161	14	10	227	45	35	181	47	123	56	17	112	23	21	115	24	39	349	63	66	55	163	59	58	138	12	9	221	87	123	176
188	115	191	76	28	150	42	53	146	35	64	350	75	84	70	309	88	61	185	17	16	305	48	60	198	61	156	21	38	148	46	41	214	40	64	395	82	64	43	192	44	63	195	19	15	311	49	86	213	42	88	29	13	64	21	33	83	26	18	115	57	73	51	168	68	47	155	18	6	227	43	33	178	54	145	70	23	123	19	22	108	21	40	401	62	66	59	173	58	54	153	18	12	200	93	134	173
189	124	192	51	24	140	29	52	136	24	51	335	53	95	59	315	82	50	207	12	12	306	49	64	195	66	123	29	34	138	31	56	172	48	81	380	84	53	42	191	43	61	152	13	14	261	39	75	229	30	92	25	9	65	16	26	68	21	30	104	79	60	35	150	64	38	120	24	10	186	45	48	153	45	138	55	11	106	16	20	108	19	41	416	73	50	55	169	52	47	156	5	13	210	74	117	159
190	106	192	80	28	130	32	49	137	30	46	372	60	83	68	293	81	50	165	24	13	296	40	65	171	68	143	28	35	135	35	55	166	35	76	419	59	59	46	175	55	49	180	12	14	254	42	65	224	39	92	35	12	73	13	32	82	20	23	121	51	67	35	122	55	27	143	15	7	188	42	44	150	51	152	62	19	131	21	23	98	13	37	340	63	56	52	147	44	57	142	12	12	161	109	110	166
191	87	152	64	28	129	31	40	132	22	32	285	46	76	61	271	102	51	157	18	11	258	39	54	170	39	122	18	38	110	26	39	199	37	60	325	68	45	40	169	42	40	155	15	12	231	38	64	201	49	87	20	11	56	29	27	74	30	29	100	53	59	28	146	53	30	152	15	9	193	36	49	176	51	125	40	18	97	14	28	89	17	38	356	53	50	60	153	61	52	148	15	7	178	76	104	152
192	115	203	60	35	141	31	43	130	27	49	346	62	92	76	293	85	27	174	12	12	296	51	70	175	56	118	26	42	148	30	57	199	34	50	357	71	67	51	190	63	64	180	18	13	290	45	71	211	32	107	21	15	67	27	32	65	32	33	110	50	76	39	138	52	33	154	22	6	208	41	38	165	53	140	61	24	112	15	26	110	16	41	376	67	57	75	178	56	51	139	14	9	203	95	108	170
193	104	186	57	30	121	25	32	122	29	47	309	45	96	62	239	93	25	157	24	11	303	40	73	182	64	131	26	38	125	24	54	176	33	53	357	60	46	52	189	51	40	164	13	11	238	49	66	213	45	107	27	14	69	23	28	61	19	19	87	52	67	31	155	55	36	172	22	12	187	32	42	178	45	113	46	25	123	18	17	78	21	41	357	60	51	57	152	60	59	180	7	13	190	77	94	165
194	96	189	51	29	124	34	52	124	28	55	310	59	79	44	274	95	35	146	20	12	325	46	58	194	49	127	24	35	131	29	30	163	31	44	383	55	43	37	161	53	53	145	7	13	261	30	64	187	40	96	19	12	58	21	26	67	25	19	127	49	65	25	119	63	36	144	17	8	181	36	48	129	57	136	59	15	107	26	31	109	23	29	385	56	69	61	150	50	47	156	11	16	157	76	99	166
195	109	181	53	23	147	34	40	116	29	47	303	58	76	62	270	96	40	159	16	9	288	49	76	163	50	136	26	45	142	32	38	201	42	49	320	68	48	40	183	46	46	153	11	13	235	44	68	211	38	89	22	11	59	24	28	76	19	17	106	49	58	31	152	59	40	172	24	7	206	43	38	145	52	153	66	17	111	16	30	86	16	40	353	47	62	67	157	58	51	168	9	14	179	73	111	165
196	99	143	58	24	131	22	31	123	23	52	315	56	76	59	318	76	44	176	19	7	273	37	80	177	47	132	31	44	111	32	42	188	32	63	349	59	58	43	187	49	39	152	11	9	282	42	60	220	36	118	21	17	56	26	26	73	20	21	109	60	64	36	150	44	39	137	11	8	204	44	39	147	53	126	45	19	108	17	15	91	18	39	384	64	41	59	163	50	53	147	10	13	165	85	109	164
197	102	185	52	30	139	32	43	122	19	53	324	78	78	68	277	81	38	144	20	14	281	30	73	180	46	126	25	30	119	33	39	180	28	55	356	61	44	45	180	52	56	139	19	17	273	53	59	192	46	96	25	12	66	27	22	82	26	27	114	65	62	39	128	61	42	135	17	11	200	40	48	158	51	127	60	20	121	18	36	106	24	35	362	46	59	61	171	50	62	158	11	16	198	78	121	156
198	102	171	51	22	155	35	55	129	26	43	337	52	80	65	310	85	45	174	15	7	276	55	59	186	66	118	19	35	137	35	46	218	32	54	378	56	49	32	177	43	47	164	13	24	261	28	50	218	35	89	38	16	78	31	43	73	28	20	115	56	65	24	139	60	45	157	16	8	215	27	48	185	49	127	53	20	134	16	18	89	18	43	369	56	58	51	174	53	55	154	9	12	179	103	100	157
199	85	161	53	35	110	21	41	122	22	49	284	50	69	70	239	65	34	156	12	10	289	44	62	189	59	127	27	41	130	34	36	177	30	62	365	67	33	37	150	49	49	172	12	13	234	36	59	202	34	78	23	13	59	32	33	76	23	20	96	41	64	32	138	47	44	156	19	7	173	31	38	171	45	143	58	20	102	23	25	109	18	33	329	62	45	49	161	43	45	143	11	7	172	88	113	161
200	85	177	46	46	158	28	44	120	29	54	264	51	68	67	319	88	39	161	16	12	309	50	77	183	57	129	25	36	121	31	56	189	41	58	332	70	33	43	189	51	56	145	17	18	268	45	52	181	36	108	32	16	64	30	20	84	18	27	117	57	60	32	156	67	25	129	16	16	209	31	29	175	44	148	42	25	131	12	18	101	15	48	324	58	44	54	154	42	69	158	10	8	188	76	117	179
201	88	157	51	34	106	30	38	119	23	54	302	54	82	62	238	75	44	162	11	14	270	40	68	173	46	115	20	31	127	24	50	167	32	48	349	60	47	58	173	42	39	155	13	13	215	38	65	175	35	91	26	12	46	18	36	62	22	26	109	55	45	32	127	57	30	127	13	8	176	33	32	145	37	103	55	18	110	19	15	88	15	34	316	55	48	59	151	50	49	184	11	8	158	68	78	162
202	114	174	60	32	113	36	54	134	26	50	309	65	63	61	263	88	42	162	17	7	262	47	74	197	62	142	31	39	122	41	41	174	33	58	331	81	42	49	186	37	54	157	11	16	255	39	65	211	45	116	23	9	54	20	30	73	22	28	110	51	60	33	133	49	39	139	18	11	189	33	40	158	40	134	52	22	117	22	23	107	25	48	387	66	54	46	171	35	50	150	11	10	183	80	111	173
203	112	163	47	23	113	27	42	120	8	46	332	69	74	72	296	61	44	163	15	9	282	55	70	167	53	113	26	44	135	26	34	166	33	60	337	69	43	35	157	47	50	161	15	15	226	36	69	199	29	88	20	11	49	18	38	82	31	22	92	45	75	33	142	50	44	135	13	9	197	43	42	142	55	124	56	18	109	18	30	74	20	32	310	48	56	49	153	41	51	165	6	9	171	65	112	168
204	91	150	60	30	129	32	36	108	27	43	295	52	73	79	251	79	31	149	18	12	274	39	78	151	51	137	18	32	128	29	49	189	36	40	374	59	43	40	189	50	37	152	9	23	228	42	69	172	34	96	21	16	49	15	26	72	22	27	103	50	70	26	142	49	38	144	15	7	184	37	47	144	53	123	60	13	122	17	23	118	18	37	347	54	55	67	125	46	44	146	7	14	168	84	105	194
205	92	175	59	23	115	28	37	117	29	61	278	60	72	64	249	64	49	146	14	8	275	52	71	187	46	108	20	33	126	26	46	168	29	52	300	61	41	42	199	48	37	141	9	22	236	35	55	201	29	77	17	9	54	18	24	76	24	12	101	48	66	34	138	45	25	123	21	5	179	36	28	143	44	136	53	16	85	24	21	83	20	52	361	41	44	53	136	51	38	150	12	9	194	71	109	146
206	90	177	54	33	144	32	39	98	21	62	323	58	77	60	285	82	30	158	12	15	298	41	62	202	53	144	22	46	140	32	50	168	32	69	354	69	52	33	174	56	48	168	14	15	293	39	82	209	31	96	27	12	58	20	29	77	18	23	113	51	61	33	160	58	32	140	24	8	195	41	39	159	42	140	45	24	118	18	25	84	28	34	330	49	51	55	177	57	56	175	10	11	197	84	109	198
207	99	185	51	37	124	41	44	111	29	53	344	51	72	58	278	93	46	166	20	14	284	42	77	171	58	122	31	32	143	37	43	160	21	51	349	65	47	41	190	50	44	171	12	15	248	39	66	191	34	89	21	4	63	20	36	58	34	14	106	57	72	28	127	51	30	127	16	11	185	29	53	170	51	134	53	16	112	16	15	93	13	34	374	52	46	47	165	63	48	174	12	13	148	80	135	173
208	118	179	63	32	127	23	47	104	23	49	300	53	75	67	290	93	55	146	16	9	317	51	73	214	59	114	30	35	141	26	40	190	41	74	346	87	44	57	169	56	60	159	11	13	247	29	46	197	34	105	25	9	61	24	15	61	25	21	129	39	51	38	156	64	30	170	18	10	202	43	38	158	39	125	59	20	109	21	19	110	22	45	388	38	61	57	170	48	59	168	10	12	190	92	113	178
209	105	182	75	32	125	34	47	130	43	53	347	64	86	64	312	82	48	186	16	7	330	51	75	217	61	143	22	39	150	34	36	193	27	54	362	65	49	57	193	58	65	148	15	9	240	44	65	242	37	115	17	16	68	31	37	68	28	27	102	55	61	33	155	63	32	158	15	8	192	43	32	165	56	134	61	26	133	28	16	110	18	52	437	62	63	58	194	41	46	166	10	12	202	93	129	187
210	104	180	65	26	143	41	53	126	34	58	343	70	88	93	344	106	52	194	20	9	289	63	81	208	74	159	35	44	150	38	59	213	34	54	375	80	65	63	208	57	47	167	18	20	257	47	64	220	42	102	32	15	65	27	21	94	34	25	122	76	74	31	169	56	30	157	21	6	224	48	41	203	53	159	76	24	134	27	29	129	16	35	399	87	68	72	195	56	62	206	9	22	206	77	133	188
211	107	189	63	37	149	34	46	139	27	38	349	68	101	79	332	87	49	174	17	11	325	53	77	179	60	158	28	46	139	34	50	216	41	66	397	74	55	45	207	57	59	198	10	18	252	47	80	245	42	118	31	11	71	24	38	81	37	28	106	67	68	36	157	58	40	177	18	11	211	51	38	148	47	148	55	22	138	16	25	124	25	42	416	63	58	53	172	54	71	235	9	16	211	99	115	184
212	152	235	73	40	183	42	68	183	24	67	417	97	121	86	369	122	54	234	22	11	432	68	101	286	87	173	38	60	188	49	72	261	32	77	533	104	67	58	254	77	74	228	21	19	373	57	92	320	46	140	38	24	79	49	38	103	38	35	141	72	98	55	203	78	41	227	34	9	290	52	58	216	55	172	94	24	151	18	22	121	28	55	500	74	78	80	259	71	76	256	16	16	287	116	165	251
213	272	461	136	83	336	58	118	325	68	117	785	143	207	170	730	226	101	446	48	35	800	122	182	508	159	328	77	100	372	76	130	495	92	151	967	134	135	115	454	110	127	437	34	41	718	105	191	542	103	249	75	35	149	63	77	194	70	56	287	146	172	77	343	135	94	387	49	14	557	95	92	426	110	342	134	41	303	56	49	245	47	122	910	151	152	168	402	116	151	440	29	32	498	232	309	505
