	AAA>ACA	AAA>AGA	AAA>ATA	AAC>ACC	AAC>AGC	AAC>ATC	AAG>ACG	AAG>AGG	AAG>ATG	AAT>ACT	AAT>AGT	AAT>ATT	ACA>AAA	ACA>AGA	ACA>ATA	ACC>AAC	ACC>AGC	ACC>ATC	ACG>AAG	ACG>AGG	ACG>ATG	ACT>AAT	ACT>AGT	ACT>ATT	CAA>CCA	CAA>CGA	CAA>CTA	CAC>CCC	CAC>CGC	CAC>CTC	CAG>CCG	CAG>CGG	CAG>CTG	CAT>CCT	CAT>CGT	CAT>CTT	CCA>CAA	CCA>CGA	CCA>CTA	CCC>CAC	CCC>CGC	CCC>CTC	CCG>CAG	CCG>CGG	CCG>CTG	CCT>CAT	CCT>CGT	CCT>CTT	GAA>GCA	GAA>GGA	GAA>GTA	GAC>GCC	GAC>GGC	GAC>GTC	GAG>GCG	GAG>GGG	GAG>GTG	GAT>GCT	GAT>GGT	GAT>GTT	GCA>GAA	GCA>GGA	GCA>GTA	GCC>GAC	GCC>GGC	GCC>GTC	GCG>GAG	GCG>GGG	GCG>GTG	GCT>GAT	GCT>GGT	GCT>GTT	TAA>TCA	TAA>TGA	TAA>TTA	TAC>TCC	TAC>TGC	TAC>TTC	TAG>TCG	TAG>TGG	TAG>TTG	TAT>TCT	TAT>TGT	TAT>TTT	TCA>TAA	TCA>TGA	TCA>TTA	TCC>TAC	TCC>TGC	TCC>TTC	TCG>TAG	TCG>TGG	TCG>TTG	TCT>TAT	TCT>TGT	TCT>TTT
1	49255	87791	28883	16900	61292	15325	22911	61739	13741	24477	158815	28287	43339	35232	152471	47251	21070	92107	7872	5584	180889	25604	36559	102332	27464	60823	13210	21599	62634	15359	24279	87755	16994	26808	172333	31739	28799	23942	105331	26796	29140	90064	6806	7145	166946	22819	36085	115479	18292	47017	13866	7239	30948	13285	16128	40097	13612	11089	56026	28870	36415	18498	81437	32416	20339	80351	9864	4288	135203	21219	24786	86782	21539	68803	27056	9510	55387	10065	10880	51691	10262	17787	178746	28337	29923	31944	93116	29244	29383	93795	5947	6324	117987	44610	59934	95848
2	20890	36827	12322	6926	25403	6336	9334	25561	5628	10353	65120	12170	17696	14522	62907	19621	8893	38199	3399	2410	74023	10388	15355	42390	11578	25275	5269	8845	26898	6458	10151	37319	7179	11198	71529	13179	11735	10367	43611	10902	12169	37672	2905	3260	69519	9228	14779	47904	7476	19252	5591	2969	12798	5519	6709	16506	5519	4723	22870	11957	15061	7503	33924	13186	8418	33858	4110	1879	56947	8751	9779	36094	9098	28299	11747	3808	22666	4158	4499	21478	4294	7392	73963	11620	12074	13148	37801	12040	12199	37661	2373	2768	48687	18411	24643	39044
3	12720	22248	7594	4157	15239	3851	5728	15545	3373	6289	39893	7243	10671	8777	37698	11759	5337	22363	1957	1499	44368	6176	9291	25318	6928	15460	3261	5295	16335	3962	6155	22321	4299	6677	43787	7979	6866	6139	26538	6536	7110	22460	1736	1931	41460	5400	8910	28715	4558	11847	3384	1792	7847	3326	4038	9908	3302	2852	13941	7271	8899	4484	20404	8038	5023	20054	2491	1131	33735	5267	5870	21699	5556	17078	6861	2178	13833	2496	2746	12832	2511	4668	44542	7154	7166	8044	22709	7053	7316	22009	1520	1687	29083	11043	14974	23138
4	9156	15928	5513	2861	11004	2708	4091	11074	2343	4469	28107	5186	7247	6284	26933	8167	3719	15736	1445	1033	31693	4366	6649	17653	4938	10966	2318	3664	11768	2741	4370	15858	3106	4849	30929	5699	4885	4308	18569	4634	5128	15830	1233	1369	29308	3898	6293	20299	3358	8324	2450	1215	5637	2303	2798	6975	2247	2010	9725	5031	6353	3103	14338	5583	3621	14215	1802	826	23965	3729	4031	15312	3892	12061	4966	1552	10016	1752	1973	9189	1774	3335	31748	4807	5035	5491	15978	5186	5006	15122	995	1240	20525	7741	10593	16090
5	6947	12136	4101	2138	8430	2074	3010	8339	1860	3372	21810	3945	5794	4808	20399	6376	2899	12003	1165	776	24042	3322	4966	13768	3692	8647	1811	2879	9127	2143	3447	12425	2376	3677	23703	4313	3757	3327	14170	3519	3918	12288	969	1062	22409	2891	4749	15917	2448	6668	1888	932	4321	1786	2235	5507	1789	1585	7524	3923	4911	2270	10952	4192	2729	10912	1385	654	18443	2818	3104	11611	3043	9195	3909	1233	7409	1284	1503	7005	1284	2536	24169	3705	3796	4366	12115	3771	3892	11628	811	882	15743	5906	8005	12452
6	5664	9896	3507	1689	6798	1796	2440	6706	1463	2827	17601	3243	4633	3903	16435	5127	2390	9733	905	646	19320	2808	3986	10997	3177	6862	1524	2215	7363	1693	2806	10005	1896	3069	19500	3699	2992	2498	11347	2779	3185	9877	781	813	18083	2431	3818	12692	2025	5262	1544	778	3472	1389	1747	4469	1458	1242	6155	3149	3931	1909	8675	3424	2184	8849	1147	536	14731	2181	2515	9584	2488	7401	3218	1020	6088	1068	1246	5615	1115	2109	19550	3056	3176	3480	9796	3083	3177	9148	708	773	12689	4792	6573	9919
7	4708	8214	2798	1380	5716	1419	2147	5680	1213	2231	14337	2645	3779	3167	13732	4283	2014	7913	803	541	16116	2217	3485	9057	2431	5678	1259	1972	6171	1473	2221	8390	1507	2550	16050	2955	2476	2206	9398	2276	2596	8001	664	649	15069	1934	3146	10483	1711	4387	1261	635	2815	1171	1431	3574	1179	1082	5122	2523	3243	1605	7276	2711	1825	7410	1011	422	12318	1882	2040	7802	2035	6056	2623	776	5076	930	1057	4788	910	1768	16098	2536	2561	2811	8038	2545	2609	7518	504	635	10583	3991	5276	8129
8	4010	6871	2346	1258	4748	1246	1716	4768	1048	1946	12277	2273	3236	2745	11531	3539	1674	6763	636	447	13706	1866	2917	7609	2173	4860	1071	1603	5269	1250	1906	7089	1344	2149	13494	2528	2150	1786	7898	1943	2187	6769	549	604	12670	1641	2649	8794	1453	3776	987	529	2401	1063	1215	3097	1055	914	4323	2167	2724	1350	6054	2461	1522	6126	838	408	10316	1628	1804	6552	1761	5342	2214	705	4341	811	885	3998	738	1565	13741	2193	2180	2325	6643	2143	2195	6282	463	498	8640	3295	4666	6819
9	3595	5984	2082	1110	4084	1054	1511	4214	920	1701	10844	2030	2726	2387	10104	3201	1514	5728	554	413	11743	1607	2445	6670	1876	4275	870	1421	4565	1082	1659	6255	1235	1915	11983	2186	1888	1615	6702	1705	1834	5937	483	533	10979	1460	2278	7640	1215	3271	909	479	2227	865	1120	2630	908	802	3726	1869	2446	1226	5345	2084	1341	5513	699	320	8992	1412	1457	5784	1561	4633	1955	603	3754	671	775	3575	664	1287	12109	1896	1913	2211	5692	1849	1963	5745	439	480	7598	2858	3899	5968
10	3222	5402	1844	949	3804	973	1396	3764	770	1540	9563	1692	2483	2105	8769	2791	1347	5096	511	360	10452	1424	2197	5867	1666	3745	759	1266	4048	982	1480	5543	1090	1672	10538	2032	1658	1443	6018	1500	1691	5240	418	510	9798	1216	2048	6805	1088	2912	778	403	1887	792	970	2413	791	654	3426	1645	2143	1028	4589	1805	1152	4737	685	286	7832	1233	1299	5103	1364	4093	1693	546	3359	599	630	3110	576	1162	10501	1635	1728	1857	5166	1669	1772	4881	377	405	6781	2359	3541	5235
11	2717	4813	1704	811	3356	794	1204	3317	673	1321	8424	1568	2191	1869	7585	2418	1193	4586	441	329	9351	1292	2032	5198	1515	3327	707	1069	3553	842	1332	5057	892	1505	9304	1715	1439	1223	5185	1285	1400	4623	379	437	8460	1125	1763	5812	989	2557	704	400	1689	696	890	2108	715	666	3014	1472	1877	871	4275	1606	1075	4211	518	266	6983	1108	1218	4355	1265	3770	1596	487	3064	500	573	2726	519	1006	9332	1472	1471	1659	4584	1462	1485	4358	341	375	5878	2179	3159	4838
12	2537	4389	1483	820	3044	752	1100	2994	610	1244	7738	1318	1957	1718	7156	2169	1081	4013	411	296	8428	1241	1719	4649	1355	3046	660	974	3225	787	1179	4498	895	1407	8531	1617	1296	1128	4720	1249	1344	4323	303	378	7613	1005	1701	5433	867	2397	646	339	1561	621	753	1977	600	570	2699	1313	1734	843	3732	1438	944	3776	505	209	6240	949	1073	4121	1138	3317	1348	453	2726	472	564	2518	470	923	8661	1339	1295	1480	4045	1232	1376	4040	282	312	5305	2030	2869	4267
13	2382	4016	1366	692	2762	679	998	2665	597	1187	7071	1416	1771	1580	6393	1969	992	3713	389	266	7509	1055	1661	4319	1266	2697	583	939	2952	760	1042	4142	783	1259	7828	1463	1168	1001	4388	1062	1203	3782	328	328	6782	912	1408	4998	853	2163	604	322	1433	564	697	1736	610	475	2505	1242	1564	752	3468	1373	895	3383	468	216	5715	943	1018	3793	1090	2945	1284	402	2435	428	474	2276	444	837	7820	1191	1189	1403	3792	1145	1220	3496	272	307	4818	1803	2626	3770
14	2156	3673	1284	618	2476	595	906	2600	559	1013	6351	1187	1653	1467	5899	1927	842	3384	329	276	6824	1008	1493	3884	1111	2511	532	877	2706	646	968	3686	710	1145	7179	1328	1072	974	4113	1046	1130	3530	313	326	6327	887	1386	4433	763	2009	530	268	1244	516	663	1663	501	460	2276	1117	1403	683	3040	1216	825	3205	425	209	5274	807	868	3349	925	2816	1171	370	2259	414	485	2118	408	825	7169	1109	1134	1302	3455	1109	1112	3223	255	270	4618	1623	2398	3495
15	1980	3340	1171	628	2438	618	783	2303	496	958	5901	1053	1571	1320	5405	1676	774	3135	304	251	6356	916	1321	3503	1123	2421	503	755	2661	618	924	3514	656	1042	6618	1252	987	865	3602	923	1031	3240	258	326	5897	818	1297	4196	695	1794	503	290	1226	451	617	1528	475	412	2106	1068	1316	643	2882	1139	753	2817	382	193	4753	766	866	3168	890	2523	1102	351	2146	370	392	1971	349	782	6671	1081	971	1169	3173	1009	1080	2968	187	254	4013	1578	2247	3284
16	1798	2962	1099	565	2143	560	768	2137	477	875	5453	974	1437	1271	4929	1536	779	2877	324	227	5871	853	1245	3367	925	2181	419	750	2447	562	899	3300	589	968	6170	1100	920	789	3322	827	924	2940	252	272	5421	689	1149	3898	699	1657	441	211	1153	432	552	1346	444	411	1814	924	1210	583	2551	1023	712	2744	339	159	4347	706	763	2837	781	2360	978	300	1969	360	354	1756	346	698	6134	918	913	1092	2898	912	966	2701	191	246	3733	1386	1951	2923
17	1732	2983	1023	524	2121	525	699	2045	427	843	5177	930	1301	1157	4651	1474	710	2820	269	220	5497	830	1113	3041	930	2037	418	716	2219	513	750	2953	567	882	5799	1106	884	741	3176	860	906	2743	237	250	4970	710	1100	3625	622	1555	410	234	1051	420	501	1307	446	402	1774	909	1163	511	2359	978	673	2677	336	170	4245	631	738	2731	770	2287	924	318	1781	332	374	1558	340	651	5826	916	877	970	2756	855	900	2613	198	228	3568	1334	1969	2826
18	1582	2790	969	469	1926	470	651	1935	420	785	4724	869	1196	1066	4393	1335	647	2607	242	214	5116	752	1097	2826	805	1891	431	621	2105	478	740	2856	521	878	5392	959	782	679	2876	787	797	2574	213	268	4587	620	998	3331	541	1489	387	224	1020	401	504	1223	395	343	1700	844	1034	475	2351	923	541	2307	294	133	3757	629	662	2434	710	2054	860	269	1603	289	334	1550	295	611	5301	818	803	886	2462	843	883	2312	198	248	3222	1219	1749	2610
19	1462	2640	874	471	1810	449	616	1803	379	706	4457	823	1195	1028	4113	1281	584	2335	250	197	4705	657	1037	2683	799	1805	367	646	1886	463	674	2763	484	828	4989	987	695	637	2758	690	737	2432	191	232	4286	536	943	3141	544	1387	378	211	926	404	435	1151	367	320	1538	798	987	477	2103	806	573	2241	311	141	3729	587	614	2254	681	1923	817	265	1684	255	338	1461	272	551	5039	768	723	860	2335	689	799	2372	157	198	2990	1146	1632	2365
20	1399	2414	852	448	1664	399	582	1678	373	675	4364	793	1103	917	3795	1267	569	2238	230	175	4477	601	992	2530	747	1744	341	547	1942	459	654	2553	473	782	4745	973	718	601	2546	660	788	2367	187	212	4124	553	859	2926	475	1270	359	184	873	362	440	1103	352	310	1447	725	941	434	2053	780	568	2099	276	133	3538	550	633	2158	658	1812	730	269	1463	277	340	1395	265	534	4740	770	680	843	2225	723	787	2135	162	196	2916	1057	1581	2283
21	1366	2292	789	444	1589	384	554	1620	322	640	4114	789	1013	872	3554	1213	575	2104	259	206	4219	624	889	2335	718	1672	335	537	1785	408	664	2397	442	731	4508	807	661	535	2402	619	661	2222	181	187	3861	546	885	2786	495	1213	346	179	811	340	408	1039	329	288	1498	688	899	412	1889	786	494	1884	268	119	3217	460	530	1990	656	1777	747	238	1423	286	304	1321	226	530	4520	720	686	786	2153	657	739	2107	134	154	2672	1088	1558	2187
22	1245	2197	716	378	1509	375	576	1486	317	634	3854	696	989	807	3365	1142	535	1944	223	158	4029	580	885	2261	732	1543	305	550	1632	389	619	2232	452	733	4301	776	655	531	2353	593	618	2020	162	203	3719	501	804	2711	461	1210	292	179	757	292	373	1010	297	276	1341	642	797	413	1824	706	422	1833	255	130	3050	483	493	1906	569	1659	665	254	1294	234	265	1269	225	454	4163	676	626	745	1934	576	670	1942	157	188	2498	987	1448	2075
23	1208	2149	700	383	1488	348	493	1409	304	591	3654	674	941	749	3279	1030	559	1831	220	141	3707	512	846	2197	692	1479	306	498	1565	366	588	2119	398	593	4048	783	630	502	2174	533	646	1966	155	198	3523	470	731	2503	414	1164	297	140	743	313	372	885	296	236	1296	645	794	368	1645	688	484	1751	235	98	2899	453	487	1903	541	1546	622	233	1246	249	251	1174	246	458	4070	624	586	683	1835	585	647	1751	145	171	2447	917	1308	1916
24	1210	1936	626	361	1394	337	519	1258	285	560	3452	642	881	794	3052	1006	479	1778	196	139	3519	555	809	2082	619	1367	287	482	1573	395	520	2095	374	626	3887	720	587	498	2073	565	577	1806	152	162	3314	497	740	2346	387	1051	252	168	668	277	337	902	286	292	1198	566	719	345	1682	608	396	1613	232	93	2765	435	468	1745	496	1522	616	204	1224	196	246	1085	212	456	3873	625	565	651	1817	578	601	1680	151	150	2356	898	1270	1764
25	1096	1914	640	331	1293	317	486	1308	248	552	3228	607	854	715	2955	955	462	1676	191	108	3545	513	708	1870	593	1334	264	439	1369	347	544	1936	337	615	3633	662	509	458	1983	486	508	1699	144	155	3088	403	645	2204	359	1042	283	140	654	257	352	841	279	255	1126	590	760	305	1511	582	413	1532	226	111	2534	413	404	1598	498	1437	583	210	1105	218	240	1062	201	430	3690	539	622	568	1652	589	576	1603	112	144	2146	855	1205	1766
26	1108	1738	586	307	1252	295	438	1208	253	515	3154	581	815	711	2744	915	435	1599	169	162	3226	443	724	1797	554	1287	256	464	1391	327	456	1985	349	547	3534	683	505	404	1857	462	530	1628	155	144	2995	434	670	2119	382	961	242	130	675	279	293	772	272	245	1097	569	665	320	1482	611	404	1500	223	83	2461	417	417	1621	539	1337	553	184	1095	185	223	1060	181	409	3462	533	546	571	1607	495	517	1560	115	142	2108	727	1113	1672
27	1013	1789	572	304	1226	291	418	1227	234	511	3068	545	834	666	2630	818	417	1527	170	101	3124	442	696	1720	543	1206	250	423	1271	296	471	1728	367	544	3489	612	520	416	1758	439	505	1568	137	136	2894	398	552	2120	351	944	238	138	681	261	297	771	221	240	1021	525	680	276	1444	549	380	1524	199	89	2306	342	393	1470	435	1285	529	198	1068	188	256	975	171	406	3416	515	509	579	1544	506	567	1389	111	131	2013	767	1104	1633
28	990	1679	539	289	1095	271	413	1149	241	458	2795	585	729	625	2530	786	408	1463	171	102	2880	426	696	1663	511	1124	248	399	1303	289	419	1668	303	515	3226	555	497	419	1686	431	501	1523	129	132	2697	358	605	1966	382	863	229	125	586	230	291	726	241	219	994	525	650	311	1299	500	365	1314	206	100	2342	367	354	1399	409	1310	506	178	998	204	205	971	178	383	3311	489	446	589	1491	462	499	1459	129	144	1821	739	1052	1544
29	985	1602	509	291	1096	272	376	1099	253	436	2706	497	719	546	2409	768	405	1369	155	99	2836	400	568	1572	540	1084	222	394	1221	311	403	1673	297	493	3167	555	474	355	1541	399	445	1409	137	131	2556	335	567	1747	332	832	213	113	552	219	259	702	250	217	924	449	598	272	1249	495	350	1339	170	88	2116	314	344	1405	412	1173	476	170	965	164	212	930	174	333	3158	486	501	497	1414	453	445	1337	89	113	1768	675	964	1400
30	978	1530	522	237	1049	244	361	1005	227	445	2622	479	745	592	2405	796	393	1347	148	100	2801	414	623	1623	450	1154	232	359	1234	270	422	1615	305	505	3030	555	456	362	1595	418	451	1324	111	118	2504	351	533	1809	314	801	225	125	541	210	283	690	221	199	960	498	588	250	1228	490	337	1276	207	88	2033	331	356	1267	409	1233	475	156	972	163	174	871	174	356	2952	451	414	474	1310	430	503	1279	97	119	1770	696	998	1445
31	942	1438	483	273	1012	243	351	955	201	412	2538	466	617	589	2138	780	366	1264	155	98	2515	381	540	1471	478	1005	229	352	1130	279	384	1490	258	443	2865	501	380	366	1529	391	420	1294	108	145	2349	338	545	1656	298	772	180	106	547	199	264	652	186	181	974	424	518	255	1218	461	295	1177	157	96	1992	271	317	1214	389	1051	436	162	854	175	175	816	137	371	2802	434	411	493	1225	390	479	1270	81	94	1666	654	956	1400
32	787	1425	497	246	1004	237	299	927	183	430	2571	426	585	532	2103	692	351	1226	163	99	2456	351	572	1408	461	1013	184	340	1100	265	378	1545	228	437	2837	498	359	364	1379	377	375	1245	100	111	2276	300	508	1670	319	728	211	108	527	178	259	619	220	161	874	396	535	248	1082	491	297	1185	174	87	1797	300	313	1170	392	1124	417	149	870	131	160	836	159	329	2688	364	371	450	1162	418	405	1174	90	115	1571	622	883	1304
33	843	1427	494	237	977	245	357	911	220	362	2433	454	616	541	2115	708	351	1232	127	87	2452	346	541	1423	443	929	206	334	1104	236	386	1491	264	439	2748	503	402	343	1426	341	391	1228	104	104	2280	317	489	1598	286	759	197	98	531	180	199	615	197	192	821	420	518	254	1119	433	286	1151	168	70	1837	307	324	1173	376	1066	421	154	851	161	183	847	155	303	2706	419	423	485	1232	411	398	1208	96	118	1529	622	879	1342
34	735	1263	456	243	943	224	346	904	190	363	2324	434	607	478	1987	638	287	1044	132	89	2270	336	520	1307	401	933	188	333	1054	223	351	1344	224	452	2556	466	366	348	1281	345	405	1149	108	137	2083	284	470	1591	275	730	168	111	463	169	201	596	176	181	822	332	461	230	1015	403	287	1066	150	65	1712	304	306	1061	354	998	381	143	784	136	153	815	151	282	2610	380	374	410	1115	384	382	1065	82	87	1437	530	844	1251
35	787	1293	455	231	906	219	303	850	161	349	2217	402	567	523	2042	655	290	1048	108	93	2297	312	486	1331	420	899	165	302	1019	241	356	1358	254	413	2480	436	357	277	1322	338	390	1106	88	111	2075	294	427	1461	250	665	195	113	468	149	212	608	163	170	787	353	507	195	1033	433	294	1056	137	70	1757	263	283	1148	339	966	363	136	761	143	158	736	141	279	2457	371	371	405	1098	375	370	1104	79	89	1425	557	809	1186
36	740	1313	403	223	863	213	329	822	197	341	2157	411	554	479	1791	613	312	1063	127	92	2232	305	492	1329	386	847	189	304	944	254	304	1314	204	411	2431	450	335	292	1213	290	331	1096	87	114	1957	272	416	1433	257	672	189	112	448	162	226	554	156	172	762	398	442	218	966	381	274	958	173	74	1704	249	279	1046	366	943	364	146	753	127	150	703	131	300	2338	400	342	389	1011	372	385	1017	80	93	1405	521	751	1181
37	743	1278	391	196	819	206	271	835	186	324	2134	381	556	490	1782	618	269	1080	129	88	2188	290	465	1206	365	857	158	294	963	227	327	1299	226	381	2408	419	330	266	1184	326	337	1073	104	106	1910	298	453	1349	259	700	166	77	464	177	225	528	163	181	752	330	416	211	969	409	239	1012	153	64	1660	240	259	968	340	926	377	116	743	142	141	679	128	279	2427	387	341	382	986	314	353	1004	75	96	1329	516	741	1181
38	690	1193	409	205	887	202	323	774	159	316	2033	386	535	431	1695	598	276	1000	89	90	1970	256	435	1170	409	823	166	293	919	205	333	1224	198	402	2382	413	321	264	1145	313	312	1058	86	84	1802	245	437	1396	236	644	176	96	383	155	205	538	177	172	692	320	411	206	961	355	205	924	125	67	1516	240	282	1007	306	901	399	124	712	109	152	660	140	278	2232	358	363	385	1014	313	353	963	69	100	1293	495	722	1061
39	612	1115	396	185	819	213	278	758	140	295	2009	354	467	423	1647	534	274	885	101	79	2015	274	438	1087	367	787	145	272	901	210	306	1174	194	345	2242	435	321	285	1080	292	363	1011	93	112	1759	231	363	1238	226	645	164	77	417	163	195	534	133	136	645	320	351	216	878	362	232	870	130	78	1504	235	265	906	310	815	360	110	692	124	145	619	115	276	2112	317	302	345	982	299	332	879	68	103	1252	480	718	1041
40	656	1187	391	201	798	195	298	735	183	310	1949	368	469	412	1634	552	257	960	110	85	2006	287	457	1114	352	789	172	253	901	182	318	1106	222	332	2268	400	289	250	1117	310	354	973	95	113	1814	249	375	1302	215	614	138	77	447	152	222	547	156	134	694	337	413	199	915	366	254	873	119	67	1501	219	252	989	317	842	343	120	695	115	150	670	143	251	2131	302	317	389	876	323	387	945	63	107	1194	438	720	1014
41	616	1087	345	197	728	186	275	746	149	277	1891	331	463	389	1639	486	265	882	96	92	1752	235	412	1065	326	756	137	263	807	206	294	1121	181	345	2133	378	282	243	1055	271	312	939	93	92	1721	214	370	1261	244	578	185	77	403	119	186	475	162	129	661	328	378	176	830	329	214	852	114	64	1372	215	243	902	285	805	330	107	684	107	139	637	119	233	2145	299	266	334	903	284	323	886	77	91	1217	469	660	934
42	609	1069	333	165	725	186	285	707	131	270	1849	348	458	417	1555	512	256	879	112	71	1886	245	426	1010	332	729	157	246	824	196	275	1102	181	307	2003	354	308	224	983	245	292	875	93	91	1587	231	335	1171	236	637	134	83	415	143	160	472	173	144	655	296	378	196	835	302	205	811	114	51	1299	174	221	896	288	778	370	97	695	122	129	568	93	226	2046	314	297	306	813	294	328	817	70	85	1192	435	661	994
43	592	1061	374	178	630	172	235	726	142	285	1696	377	464	397	1461	467	234	903	103	65	1727	257	407	1051	310	701	143	235	785	182	270	1088	201	311	1953	371	278	231	1053	231	286	857	63	80	1614	223	341	1096	238	579	134	88	386	139	185	445	119	142	623	344	359	199	801	332	199	764	110	42	1325	205	231	843	284	794	340	98	620	119	102	583	98	225	2066	251	266	336	805	278	287	909	70	80	1087	430	630	966
44	597	1004	329	161	676	137	232	660	141	269	1655	306	418	324	1431	474	223	805	97	78	1579	257	351	978	337	713	141	237	823	170	243	1076	158	320	1929	370	282	234	960	239	296	891	65	84	1527	243	298	1073	182	506	150	85	385	116	182	434	143	131	535	292	326	164	694	271	211	716	98	54	1264	187	195	826	275	695	289	115	608	97	127	538	101	207	1798	297	241	307	823	257	303	752	72	99	1046	421	581	889
45	587	966	332	164	636	141	218	696	118	267	1650	304	401	352	1452	464	228	755	97	71	1622	239	387	922	302	676	129	232	762	166	271	1050	165	313	1877	361	270	200	875	229	310	852	72	90	1461	188	315	1031	208	481	115	73	377	131	158	452	138	121	566	261	379	161	732	299	218	719	102	48	1208	201	199	795	259	668	288	100	564	88	110	556	108	195	1860	303	254	295	782	269	264	769	58	69	1062	402	588	832
46	571	926	298	162	651	155	222	621	124	266	1585	289	453	355	1314	460	224	848	100	54	1594	215	351	866	266	686	137	243	774	171	245	1009	174	287	1882	331	245	200	905	225	274	798	65	66	1454	196	330	1017	198	465	115	74	316	122	158	407	122	102	570	270	365	165	692	329	192	751	102	46	1192	179	195	799	246	716	299	108	573	91	110	487	85	221	1779	240	246	339	791	242	233	767	58	71	1031	405	582	876
47	506	919	317	161	664	171	231	616	120	281	1635	295	435	332	1339	479	254	778	112	73	1661	258	369	934	302	630	132	222	774	175	237	1008	155	302	1822	344	245	237	929	237	283	780	65	69	1433	201	317	1027	196	556	120	83	352	124	150	388	114	111	606	253	325	163	751	273	180	734	102	43	1246	205	188	745	267	736	295	104	603	92	110	506	109	199	1809	290	249	302	770	254	275	755	51	91	997	382	595	892
48	547	861	292	168	597	138	208	603	130	251	1492	291	408	370	1369	414	247	767	71	61	1494	233	373	882	269	603	136	207	717	140	232	941	166	314	1780	331	257	209	855	219	261	813	56	80	1411	168	293	999	181	467	134	69	313	113	171	386	113	116	569	231	280	178	697	295	174	677	107	47	1199	180	209	712	263	667	276	111	563	79	103	519	95	207	1725	290	257	282	775	253	297	708	61	55	974	364	563	854
49	495	912	277	162	613	135	183	613	123	225	1526	291	412	304	1347	425	222	766	93	59	1496	223	324	883	258	665	128	207	714	176	225	919	172	301	1784	291	230	187	858	213	249	776	82	77	1334	193	303	1011	192	445	112	66	317	131	147	397	133	141	520	262	296	140	707	286	189	696	108	54	1132	176	184	764	245	722	237	103	539	97	120	519	104	205	1733	245	254	281	754	243	276	689	51	64	934	404	506	817
50	476	837	307	149	601	132	219	561	139	231	1419	271	390	298	1246	404	233	728	76	73	1492	209	314	871	267	629	117	189	692	136	239	918	148	268	1704	300	221	207	845	229	237	761	82	70	1287	187	315	872	163	479	137	74	320	102	133	392	122	116	510	233	325	152	645	249	178	694	96	54	1112	159	165	684	233	614	262	98	554	88	107	476	77	178	1657	264	215	282	735	243	246	709	59	77	921	366	549	744
51	503	833	271	131	560	126	205	546	99	240	1422	272	351	307	1236	407	204	699	97	58	1407	223	316	851	251	618	118	208	674	143	221	907	177	287	1624	277	222	219	811	222	229	718	63	67	1244	183	295	919	152	434	123	64	325	101	160	395	127	113	513	247	328	127	650	250	153	628	93	55	1103	154	174	653	238	596	238	88	501	105	110	464	82	209	1596	273	241	287	688	241	240	668	63	69	875	352	533	783
52	504	807	245	120	570	136	187	544	118	247	1309	250	337	294	1160	370	187	647	75	57	1396	181	307	803	266	540	99	197	602	151	240	876	174	248	1692	283	223	197	763	222	191	682	69	78	1170	182	284	879	169	420	91	64	300	98	145	358	122	84	477	251	287	141	643	256	155	610	75	41	1028	172	169	681	232	621	219	82	495	92	113	466	75	172	1531	232	218	236	706	214	255	600	43	68	842	308	514	737
53	453	841	257	143	541	137	191	541	123	205	1385	266	354	302	1208	394	179	640	64	53	1391	201	301	752	285	591	110	175	655	159	220	840	158	251	1536	278	229	167	778	213	225	677	49	65	1217	180	284	885	158	470	117	47	273	105	141	341	106	106	480	220	296	161	589	247	164	597	107	44	1027	171	164	627	220	604	237	80	456	93	101	484	91	185	1567	234	227	256	675	223	232	651	50	65	847	337	469	780
54	452	796	240	139	530	137	171	487	103	248	1406	235	378	282	1185	397	160	664	65	58	1388	189	297	768	264	585	131	189	672	151	208	903	139	291	1610	281	204	186	745	221	189	657	63	71	1202	151	267	871	194	439	124	77	316	93	154	355	109	115	451	221	285	146	618	224	158	576	82	36	1036	167	164	644	202	601	241	71	496	90	96	465	75	160	1563	240	214	229	639	206	246	598	60	63	788	319	495	680
55	426	789	260	136	543	96	177	511	81	217	1244	242	324	260	1125	365	171	682	86	59	1311	190	287	744	266	577	104	190	617	138	181	815	144	233	1473	272	230	176	721	216	209	660	51	80	1120	156	257	850	176	392	117	62	265	113	142	327	112	82	429	231	256	137	625	201	186	615	89	38	1011	178	162	591	233	636	263	82	485	72	92	403	76	176	1418	218	231	242	676	199	235	622	54	55	873	297	475	689
56	470	842	269	132	541	112	178	516	100	205	1305	254	314	275	1133	391	193	640	95	54	1313	180	288	732	264	514	112	151	635	134	164	815	144	249	1460	283	207	168	723	213	194	632	56	57	1100	136	285	850	148	384	107	61	285	95	155	324	103	104	406	230	267	146	586	221	159	548	89	40	930	146	175	611	202	562	238	79	446	66	89	441	80	179	1472	228	214	236	582	198	207	603	46	52	764	300	476	676
57	453	749	216	121	556	125	179	483	110	214	1306	246	303	292	1092	353	155	583	68	60	1282	184	291	711	230	522	103	150	569	136	193	795	162	235	1505	284	205	188	743	172	220	594	48	53	1131	141	291	843	164	368	95	61	286	90	117	316	85	96	412	195	244	127	527	236	162	580	97	36	926	137	140	587	181	573	220	71	493	66	110	421	73	154	1342	228	192	219	656	179	222	604	47	56	766	300	428	656
58	434	791	264	118	503	124	161	487	90	214	1312	246	297	267	1054	377	159	621	57	33	1230	187	267	658	240	510	113	158	603	138	179	784	134	261	1485	271	232	167	678	165	203	645	60	55	1116	140	249	781	152	430	100	47	271	97	126	290	94	123	446	208	277	125	558	233	144	554	72	42	932	160	153	588	191	544	229	73	463	73	86	415	66	156	1428	230	189	258	597	202	217	596	43	72	788	287	427	655
59	442	734	255	119	493	100	187	468	95	197	1247	213	292	282	1078	339	194	586	87	56	1275	183	285	687	228	540	107	173	578	109	169	790	115	252	1458	257	179	180	721	185	206	670	54	68	1106	177	227	825	140	406	98	63	284	90	106	333	97	100	464	226	282	133	555	224	168	551	65	44	976	144	165	578	220	536	199	87	463	66	109	405	77	193	1459	200	228	231	657	215	225	540	48	55	747	290	425	674
60	411	717	240	137	489	128	181	460	96	185	1196	201	300	304	1008	344	184	583	64	55	1171	178	255	611	228	482	107	193	538	126	230	742	130	245	1434	241	191	158	691	186	230	592	44	59	1114	157	248	840	146	391	123	55	273	93	116	313	93	81	406	177	287	125	513	210	144	563	91	26	900	152	156	550	184	531	230	79	471	90	82	407	70	148	1326	208	188	215	606	217	202	550	48	62	763	312	469	619
61	409	704	192	119	456	116	159	465	104	199	1137	224	300	234	963	306	161	562	82	52	1128	162	276	639	221	458	81	145	548	118	183	712	136	210	1337	236	176	131	675	178	207	589	57	61	978	134	236	734	133	389	89	55	258	91	120	294	88	81	408	223	237	121	509	208	115	541	86	40	908	140	154	542	163	519	203	70	415	70	84	413	78	152	1327	197	185	209	559	141	200	526	36	46	718	294	391	576
62	403	699	222	125	455	119	143	462	95	185	1194	216	309	258	983	297	140	581	75	39	1122	189	240	666	213	456	106	147	528	114	179	731	146	230	1417	201	180	156	642	187	212	579	56	59	1062	130	230	756	136	379	102	59	286	81	118	307	101	93	432	213	229	118	534	191	130	541	84	32	850	143	145	547	158	524	188	69	420	64	88	381	74	158	1249	191	189	241	551	167	198	527	44	50	708	308	444	602
63	446	672	191	118	453	95	161	496	95	198	1154	219	279	264	1051	319	184	594	49	39	1204	161	264	644	235	490	95	143	537	133	206	742	124	219	1338	259	185	138	633	185	207	575	49	55	1010	126	202	732	126	373	99	63	242	98	131	329	98	90	422	203	225	106	487	173	143	553	69	30	838	129	139	573	169	493	240	72	441	64	94	374	64	173	1278	209	199	200	566	190	245	526	40	47	778	261	432	598
64	385	656	217	114	452	98	148	416	73	195	1133	199	285	251	990	312	163	538	78	43	1123	193	220	637	226	517	97	121	553	116	195	736	121	209	1285	237	164	156	560	171	186	525	56	58	995	164	222	743	114	387	97	48	248	82	100	335	88	76	425	207	244	113	539	180	130	528	65	33	835	133	160	539	174	503	203	84	430	59	71	374	68	133	1255	201	184	189	540	169	192	530	45	78	698	248	397	570
65	382	647	215	108	456	102	159	455	91	179	1137	202	282	263	975	295	145	491	67	36	1088	170	213	636	198	501	85	168	511	102	161	670	128	208	1283	218	184	155	603	164	197	527	49	44	966	155	233	716	119	326	82	43	241	92	95	265	86	102	380	167	229	107	473	208	142	527	67	33	764	135	125	534	166	537	177	59	401	71	88	374	71	151	1236	192	176	248	560	170	180	525	41	45	698	259	362	575
66	388	654	228	99	429	90	160	470	88	177	1138	188	280	253	926	280	149	570	70	52	1063	177	228	618	189	459	88	155	548	114	168	706	117	220	1277	241	168	142	650	154	181	574	53	48	997	136	202	746	125	377	105	60	232	87	107	263	86	70	348	184	246	106	488	199	122	506	82	24	808	134	133	530	176	489	183	70	407	49	73	372	72	156	1280	180	186	229	559	154	217	516	44	53	700	269	429	581
67	342	638	191	112	409	112	165	446	97	201	1071	217	264	224	926	297	160	553	60	43	1087	158	250	642	208	475	85	159	488	114	160	689	128	216	1211	244	160	135	603	169	157	530	47	55	916	134	213	650	131	353	78	36	245	81	106	286	82	75	395	192	217	116	485	171	114	488	81	34	785	145	129	526	170	489	201	73	424	61	83	315	58	145	1218	221	167	206	538	158	204	502	42	48	712	259	413	591
68	416	641	214	123	402	103	145	420	76	173	1094	175	252	218	866	277	132	507	68	37	1125	151	262	623	216	436	89	137	516	94	162	678	117	215	1190	222	145	135	622	165	189	550	47	44	930	127	212	700	108	344	85	43	238	93	99	306	80	78	388	185	198	102	456	210	125	481	76	39	772	125	136	508	172	453	174	64	396	59	70	364	54	132	1257	184	161	222	517	156	184	525	43	47	689	274	368	548
69	339	636	191	132	425	87	153	373	116	180	1065	212	265	241	915	274	147	509	48	45	1116	157	233	627	169	447	84	129	518	109	146	699	122	201	1192	225	169	146	613	152	178	489	45	52	887	129	185	658	107	332	88	55	203	77	108	278	67	76	383	165	221	106	497	190	141	534	74	34	755	141	140	545	166	491	187	64	389	59	76	338	60	146	1170	181	157	203	532	147	170	528	32	40	622	223	387	527
70	353	579	192	100	390	92	128	403	83	174	1051	189	249	215	926	297	126	518	53	46	1040	133	259	609	159	400	74	135	485	97	167	657	107	205	1195	203	142	136	540	143	167	554	44	50	942	149	212	634	133	324	85	42	229	70	79	239	88	79	364	178	218	114	468	170	156	476	65	32	725	135	138	499	160	444	186	60	391	55	84	330	63	138	1204	182	174	194	518	161	195	470	26	44	679	268	398	530
71	384	565	195	94	408	100	139	381	99	153	973	167	264	210	840	262	160	488	66	49	955	149	241	543	208	422	98	134	462	117	166	626	102	214	1122	241	152	142	572	147	160	550	38	52	853	134	209	673	156	334	76	48	216	71	103	263	82	68	366	161	203	102	450	208	130	443	65	35	745	124	134	490	163	419	171	70	350	58	72	318	59	120	1136	163	185	190	532	146	181	484	27	40	621	246	336	524
72	387	659	187	104	441	108	136	406	91	182	1029	203	253	210	934	281	146	545	79	39	943	138	230	615	201	423	101	135	490	111	164	643	107	201	1168	221	186	154	614	144	191	487	48	58	913	144	193	685	126	338	85	49	198	78	99	277	75	73	387	190	226	103	492	187	121	487	74	31	757	117	142	515	168	465	192	61	384	60	81	360	73	134	1189	190	173	209	448	160	179	502	43	53	650	258	368	540
73	347	613	192	92	407	97	143	436	78	171	1064	172	250	259	890	288	147	504	69	43	995	162	258	583	191	428	85	147	424	124	158	661	109	211	1185	228	176	161	548	148	174	497	52	37	887	122	202	676	145	328	88	42	232	76	97	277	85	87	406	162	195	103	458	189	133	511	72	34	748	144	141	522	160	453	177	82	383	68	79	338	51	136	1169	180	169	205	506	174	180	486	41	52	645	266	391	505
74	303	572	190	90	414	90	133	410	58	157	1001	197	258	234	810	272	127	474	63	45	933	159	212	570	202	420	99	149	456	93	149	673	124	205	1167	194	151	139	596	151	157	510	40	39	889	137	225	690	140	291	94	45	194	81	115	251	69	68	383	157	213	96	434	178	122	475	63	23	707	126	139	479	147	470	185	86	324	63	73	308	53	142	1086	169	151	178	500	171	180	478	32	50	567	225	354	509
75	328	549	196	110	381	73	148	398	83	153	992	188	245	200	829	265	131	503	51	47	907	135	222	566	172	393	71	140	451	89	139	665	102	196	1165	163	159	139	601	142	193	500	34	47	821	109	196	600	132	296	81	40	210	68	99	266	83	82	375	175	233	90	433	164	101	450	53	27	672	122	122	443	144	439	157	61	317	61	79	325	63	142	1032	180	174	175	483	138	186	432	34	39	622	228	338	491
76	374	597	188	97	413	99	125	400	86	152	1006	192	234	211	838	271	143	496	54	46	992	134	180	578	182	430	87	136	474	101	174	611	105	175	1138	219	162	130	578	164	182	511	33	45	909	149	176	633	119	309	76	40	201	99	97	258	89	104	353	161	239	98	451	191	141	500	67	34	757	128	109	476	149	432	175	66	337	54	81	307	60	123	1132	169	182	164	498	160	185	477	45	47	595	239	337	497
77	293	558	158	92	335	89	138	392	79	171	942	168	229	213	892	249	122	448	62	37	936	130	236	586	207	444	80	147	421	108	154	594	122	159	1090	207	153	117	537	141	161	477	32	52	851	115	206	588	119	296	63	47	194	66	97	261	81	65	333	157	204	81	446	165	126	446	67	34	734	128	124	420	152	382	166	65	355	63	69	321	59	130	1074	184	156	183	492	159	159	439	26	42	585	240	347	454
78	317	569	152	82	391	97	139	391	57	177	1025	187	216	211	839	251	126	469	56	41	941	124	209	506	174	365	101	135	458	87	164	562	117	158	1100	199	146	116	543	145	164	511	36	45	807	126	188	625	121	291	70	39	223	91	122	231	82	71	342	158	214	94	428	168	101	481	61	32	684	133	104	481	139	444	167	66	359	63	76	313	61	129	1095	175	144	167	445	131	181	526	51	55	589	213	342	504
79	340	533	170	106	384	93	127	365	58	155	909	171	219	224	778	293	145	443	52	44	931	149	215	523	167	373	72	132	420	86	139	582	127	155	1077	194	142	116	562	124	166	491	32	42	803	123	190	604	110	265	91	41	186	80	92	243	71	68	306	159	186	114	394	165	100	440	45	36	735	127	129	420	141	381	184	45	333	64	74	325	46	131	1006	156	144	194	475	148	176	471	29	47	622	233	333	492
80	326	545	182	87	411	89	111	402	76	183	972	187	254	217	845	269	126	487	54	53	987	156	219	547	177	384	75	133	408	103	165	626	90	169	1134	238	140	144	540	157	158	495	43	51	876	106	217	662	138	304	80	56	208	78	111	237	73	57	346	152	192	88	432	183	131	444	73	29	681	126	119	479	161	408	176	59	363	66	64	322	57	127	1110	189	154	203	446	152	162	466	37	46	586	256	369	472
81	347	572	182	86	386	69	115	342	71	167	898	180	231	194	727	251	133	424	42	36	891	140	204	530	142	402	56	126	426	87	137	591	97	177	997	201	156	136	490	122	156	475	38	46	797	97	166	584	110	323	65	33	194	50	85	249	66	72	322	169	196	91	374	183	116	393	72	35	684	103	104	433	139	403	146	57	336	45	59	281	57	125	1043	145	129	171	434	158	181	420	28	43	592	227	331	462
82	338	516	204	98	398	86	130	343	76	142	973	192	250	192	868	246	114	469	49	40	960	131	208	539	160	396	60	117	456	93	138	608	104	171	1147	195	149	118	528	153	146	488	40	47	857	111	175	666	117	288	82	35	202	67	90	220	72	58	334	161	216	104	425	195	116	446	77	30	721	109	129	483	150	386	156	75	329	56	62	312	63	127	1130	158	174	181	419	139	156	446	28	40	562	240	334	518
83	337	550	136	98	351	82	125	339	75	186	917	159	217	199	802	242	128	457	59	34	878	130	211	538	178	351	76	116	439	97	152	547	88	182	993	193	139	117	500	143	148	447	32	37	846	111	176	596	112	280	86	48	195	90	98	243	54	64	316	166	193	88	407	183	116	397	57	29	662	114	119	488	126	388	172	55	324	54	59	305	55	129	986	199	141	178	412	151	143	472	31	44	537	219	321	478
84	308	526	176	91	374	78	104	356	69	155	887	159	211	175	810	240	126	436	47	46	871	129	211	480	156	383	57	99	467	67	128	591	116	163	996	178	142	106	530	114	124	452	37	46	826	115	195	575	75	281	88	35	190	81	95	227	74	72	286	153	183	112	402	159	108	442	68	31	699	120	114	474	133	417	154	53	352	55	76	303	49	123	1031	175	139	172	429	139	150	495	35	43	576	223	351	437
85	298	511	168	83	358	91	128	366	75	138	911	151	238	192	737	232	114	456	57	41	879	135	231	507	165	398	94	138	417	96	135	598	88	167	1063	194	141	122	508	124	144	463	36	37	787	121	173	635	105	260	94	41	196	80	96	233	67	75	305	151	201	98	433	140	123	409	70	20	663	109	130	429	169	381	164	48	318	52	64	310	51	101	997	145	122	194	438	127	154	419	43	37	603	248	313	454
86	278	518	163	83	378	92	98	371	64	146	826	162	252	188	771	238	118	454	53	33	909	130	214	523	168	370	70	115	396	108	129	548	66	169	1014	186	128	113	513	133	148	479	34	46	792	105	152	575	105	278	69	41	178	71	82	229	61	57	325	156	213	98	384	140	108	407	59	24	695	98	112	454	112	382	158	53	319	58	59	309	51	114	992	131	144	186	445	140	140	442	32	30	555	222	311	477
87	296	523	173	84	325	91	130	374	72	173	895	175	245	191	788	259	135	441	48	38	878	125	190	522	172	394	78	121	397	80	136	535	96	148	980	201	159	116	553	136	182	476	39	51	781	93	171	560	114	282	79	32	186	74	98	217	58	77	344	145	170	91	391	155	98	408	51	30	602	95	115	447	141	403	159	55	349	62	65	288	60	95	1031	148	156	172	466	165	152	397	38	36	557	224	302	462
88	294	514	172	72	344	99	142	361	75	133	871	157	218	184	725	242	133	411	55	32	871	122	203	541	157	371	87	123	412	71	131	505	101	134	993	151	136	113	517	131	118	431	38	53	807	102	188	603	111	252	60	44	170	66	88	244	65	69	307	145	190	92	439	160	108	428	53	28	657	116	112	408	118	385	151	38	306	60	58	267	66	105	983	137	135	177	414	131	136	422	24	52	566	201	336	487
89	292	522	134	89	350	94	141	403	67	137	922	181	241	207	787	255	122	475	42	45	943	125	186	543	155	361	64	127	398	91	156	563	95	160	1016	190	131	135	517	107	116	469	44	42	792	110	191	635	105	241	70	39	194	73	92	241	63	70	315	153	183	98	392	165	124	418	62	23	703	99	131	425	135	411	141	45	315	49	54	313	51	127	1011	158	166	169	456	141	128	446	36	51	550	189	317	449
90	263	457	154	83	345	86	133	315	63	147	794	156	220	178	760	242	108	407	49	36	802	130	179	517	160	364	67	113	391	86	130	553	89	162	976	186	123	114	497	141	145	428	36	47	779	138	172	571	118	257	80	31	192	85	92	214	72	68	285	156	181	79	418	160	96	408	44	21	633	99	136	429	136	357	161	45	308	56	64	273	59	107	933	141	135	157	414	148	135	409	25	35	515	205	278	417
91	316	522	179	85	338	100	127	327	73	123	868	158	230	204	800	234	131	456	42	23	868	125	219	465	175	339	64	124	374	93	142	553	89	159	1059	183	160	119	514	139	139	507	40	36	784	140	200	547	98	279	77	36	192	61	101	222	68	65	322	134	178	81	420	192	109	433	45	30	611	110	102	470	145	371	154	45	316	49	52	310	40	120	976	147	145	174	448	144	160	458	31	36	596	234	324	478
92	271	479	152	100	387	81	132	340	57	111	814	138	236	216	790	256	128	461	35	22	873	117	183	515	171	364	57	98	426	87	125	546	99	148	974	183	133	130	502	138	158	445	36	41	804	152	191	559	85	271	76	41	176	61	75	209	60	60	308	135	185	76	411	166	112	455	61	25	655	95	125	382	107	403	159	41	339	51	64	305	66	104	967	125	152	186	431	127	150	414	30	32	562	202	350	454
93	285	494	142	89	365	76	109	343	74	153	888	145	200	182	776	268	123	454	28	31	810	104	196	508	122	342	82	116	426	107	143	522	98	162	951	172	143	126	478	133	142	418	43	49	779	108	154	557	120	264	68	39	192	63	80	177	62	55	315	130	170	83	382	165	98	395	58	21	623	96	114	428	132	381	128	58	295	35	50	260	53	104	931	132	140	143	413	157	160	390	35	53	507	216	294	444
94	332	470	166	73	299	87	105	356	48	157	794	148	197	181	701	226	143	431	61	37	795	105	197	481	149	325	66	117	358	89	127	541	96	147	1027	170	125	127	481	112	142	464	42	35	763	98	178	548	93	286	69	38	159	63	77	186	61	73	339	136	165	85	387	163	102	393	49	20	615	104	120	438	117	340	151	59	296	53	53	295	47	102	904	166	137	158	424	138	142	394	37	43	506	235	327	432
95	264	468	147	77	337	82	93	305	71	126	818	154	211	178	655	219	91	456	42	23	785	124	161	508	141	347	72	127	373	93	125	488	95	172	886	183	123	129	467	141	150	422	25	49	658	111	172	531	92	264	62	47	156	71	82	231	72	58	304	140	172	92	374	148	100	377	48	25	578	99	109	402	112	355	125	40	236	45	64	274	54	121	893	142	132	156	414	130	157	382	32	40	533	202	313	461
96	269	472	159	88	331	69	127	333	85	147	853	164	206	188	689	222	107	433	51	25	841	111	193	528	146	340	64	86	372	82	140	515	85	156	1005	171	123	135	513	167	132	394	45	36	814	123	198	599	75	249	63	34	173	60	82	228	77	62	301	166	176	71	406	160	92	430	47	29	684	110	116	424	129	361	138	46	280	57	71	285	54	116	931	137	151	171	441	159	160	438	38	35	515	215	314	441
97	279	467	141	74	344	88	103	286	68	136	813	123	222	170	785	225	116	444	47	33	782	136	195	487	153	350	51	103	384	83	124	482	101	162	963	155	147	117	458	128	128	424	36	43	728	124	180	527	93	226	64	36	163	66	77	224	51	50	303	145	172	84	367	136	114	404	48	21	570	96	97	408	132	373	124	45	258	57	66	242	63	112	901	140	126	166	404	139	151	384	36	39	506	225	275	442
98	290	476	166	83	316	70	116	293	68	135	843	134	186	167	759	252	100	403	49	32	808	124	227	469	121	319	61	106	386	107	118	492	88	159	976	155	117	135	499	139	118	461	29	33	742	106	173	535	100	252	63	40	162	57	89	204	65	58	272	146	178	105	394	139	101	390	62	17	621	127	105	440	96	350	147	61	274	54	56	263	57	98	875	149	141	136	445	127	151	417	34	29	549	229	292	454
99	260	460	147	82	329	85	104	302	76	138	798	124	192	191	773	248	109	418	42	37	829	118	176	501	165	345	65	94	341	66	131	493	93	158	916	171	133	111	520	125	139	453	42	51	762	86	170	537	111	279	56	31	176	57	72	206	62	60	294	147	170	82	378	137	107	364	44	34	662	103	102	438	100	384	140	47	294	59	61	264	53	114	867	150	141	150	397	117	136	391	26	32	536	210	339	438
100	276	449	134	76	301	62	109	334	61	130	815	135	205	184	692	252	123	451	40	37	805	132	197	511	133	360	67	95	376	80	128	484	107	161	933	173	150	114	510	118	143	436	40	44	740	93	183	552	93	253	77	34	157	66	73	193	60	59	302	148	187	76	412	156	104	366	59	22	620	99	102	399	104	329	114	49	317	50	64	232	45	108	866	135	147	157	411	137	126	418	26	25	569	230	294	438
101	306	432	156	86	302	93	101	336	65	126	795	133	216	163	744	215	128	397	62	28	771	129	182	482	145	329	72	103	362	77	120	488	89	142	937	162	130	97	488	133	154	463	31	41	688	100	182	576	103	258	75	26	163	65	78	216	65	58	280	119	169	91	371	159	105	391	47	31	556	100	100	412	105	358	143	56	241	31	59	261	48	109	858	149	135	146	383	121	147	400	33	38	542	207	277	406
102	252	462	153	80	309	79	131	334	60	137	803	142	218	139	673	228	127	426	32	31	829	115	191	516	165	316	62	109	368	89	120	517	76	159	914	146	125	124	497	120	133	432	28	43	746	111	168	551	102	252	71	34	166	57	97	205	69	69	280	146	161	87	342	188	104	419	35	33	582	119	116	417	136	346	138	45	269	48	61	237	57	91	913	134	116	162	423	141	149	403	28	36	550	211	317	378
103	269	438	143	72	309	91	107	306	63	147	797	146	220	196	720	226	127	419	40	45	807	112	172	495	156	321	70	109	385	99	126	497	96	152	972	142	137	111	477	115	161	399	37	49	715	108	168	550	98	227	86	38	159	67	85	200	58	51	293	140	172	85	398	155	103	388	58	23	627	84	104	415	127	345	141	55	293	46	58	269	46	102	914	150	138	165	449	130	129	396	45	30	514	213	316	464
104	259	461	140	74	321	73	107	302	59	132	808	164	205	180	623	214	113	406	43	40	726	114	191	482	125	333	61	110	341	81	114	463	87	147	920	169	117	101	459	130	130	438	40	36	726	118	137	552	94	222	76	32	148	60	68	178	61	56	264	133	158	75	362	138	104	396	49	30	595	100	127	428	109	324	140	41	307	46	46	242	56	98	864	126	115	134	434	132	134	386	25	43	489	199	287	417
105	265	438	139	78	303	77	119	291	78	121	822	116	205	177	719	221	117	442	51	22	833	118	183	471	118	302	70	95	352	78	111	477	98	139	919	151	137	95	503	123	133	391	37	42	721	100	167	526	94	237	62	41	127	63	80	185	70	49	270	120	178	105	414	119	106	394	43	17	590	98	103	407	126	365	128	45	288	50	64	244	44	106	865	137	153	175	430	139	138	409	37	33	505	186	271	443
106	269	443	136	70	336	67	108	287	58	122	696	116	214	178	668	204	110	412	41	30	766	123	186	458	130	322	87	114	330	72	115	463	88	120	894	149	127	108	499	116	120	421	33	40	737	97	159	518	72	207	71	37	159	67	75	161	64	43	264	124	138	92	350	143	99	385	60	19	609	86	98	372	104	319	130	44	286	43	52	262	42	92	882	122	122	161	427	134	115	370	27	34	491	213	264	433
107	259	422	153	84	316	78	87	297	56	117	779	157	210	192	683	211	97	405	32	29	779	117	170	426	151	337	59	92	352	77	132	455	77	155	837	148	114	116	491	115	118	437	39	30	678	106	181	578	89	216	72	35	144	58	70	194	59	56	295	133	171	82	374	153	85	374	55	20	559	98	100	426	104	346	131	42	293	48	65	266	48	76	840	132	138	155	389	135	146	385	24	28	504	211	284	394
108	234	456	116	76	286	85	91	264	63	119	710	129	203	185	699	200	111	439	37	28	771	121	170	471	126	307	58	93	323	79	103	460	76	115	855	167	126	110	450	105	118	450	33	44	715	101	153	570	96	235	78	36	154	59	80	169	59	55	247	120	160	83	375	149	86	394	47	19	550	100	105	421	128	308	146	40	274	55	59	256	57	97	797	145	141	168	437	137	144	395	27	34	507	173	265	405
109	242	441	118	50	277	89	120	293	55	116	756	115	187	182	702	222	103	421	36	37	770	119	176	464	128	342	70	99	307	75	112	451	82	131	865	143	127	107	432	126	106	405	36	37	658	77	134	513	88	225	66	40	146	63	81	182	56	62	266	130	156	99	370	148	92	424	48	23	573	99	106	390	121	332	136	35	267	44	47	232	53	91	811	124	134	146	387	119	133	354	21	26	474	191	262	416
110	203	462	140	82	265	70	115	303	80	123	750	117	177	183	749	241	116	400	40	27	784	120	150	432	128	277	53	82	370	72	127	458	85	109	838	160	134	101	488	133	118	449	27	34	699	104	168	563	90	222	86	35	160	61	69	203	49	67	264	134	181	71	346	135	96	399	42	28	548	94	97	393	104	287	138	38	279	55	56	239	41	90	807	140	139	131	424	118	134	408	40	25	513	183	304	451
111	271	415	150	67	290	82	125	276	61	116	748	133	176	164	676	213	91	435	43	37	758	116	164	442	135	273	61	86	283	90	91	475	94	133	793	164	105	107	454	133	122	398	27	39	674	93	168	567	85	203	61	36	138	51	86	173	55	52	292	111	159	77	362	134	86	392	58	21	535	95	96	407	118	307	135	52	257	42	58	213	41	76	825	144	121	167	403	121	141	378	22	21	507	171	296	464
112	241	389	142	80	300	75	120	292	45	114	710	136	174	154	716	214	87	381	30	29	739	105	153	470	138	278	52	91	351	80	125	453	92	142	884	165	131	103	479	128	116	382	37	38	679	93	155	520	87	254	60	28	144	68	69	180	42	52	266	122	153	91	358	140	109	336	50	28	536	98	97	418	112	319	143	43	296	57	58	235	54	76	795	132	145	151	401	118	135	373	20	30	501	215	289	437
113	232	410	154	68	307	70	113	291	44	106	758	133	208	159	716	211	110	359	42	31	705	121	153	474	112	324	58	91	314	69	126	414	71	132	853	149	121	100	456	110	121	424	34	21	674	90	131	563	89	223	58	32	167	49	74	182	68	54	276	129	144	96	358	147	99	396	55	27	541	110	102	402	107	290	132	31	244	50	55	226	42	73	786	153	138	140	399	128	139	345	27	29	535	178	300	445
114	230	426	123	69	269	76	102	263	45	110	751	112	201	157	684	208	85	398	27	32	691	121	168	488	141	306	71	82	303	63	109	425	78	142	887	144	144	111	466	85	128	422	33	35	690	101	143	537	80	199	67	31	157	51	74	184	65	54	254	126	150	72	363	134	83	383	49	24	536	104	105	384	100	326	113	38	218	36	47	212	45	78	888	132	158	117	406	109	118	373	29	24	477	190	270	388
115	207	368	122	63	265	99	107	252	77	115	684	131	201	158	654	205	99	410	40	21	711	94	154	418	153	321	60	89	296	77	113	372	73	145	815	149	116	115	460	115	115	388	29	29	666	96	145	494	76	180	44	23	130	56	65	191	67	61	254	132	151	81	345	142	91	345	42	19	537	113	87	370	119	317	128	39	239	51	46	212	31	93	772	100	125	118	389	132	123	369	29	27	448	200	249	398
116	234	408	129	80	290	79	107	316	59	121	756	137	207	149	697	177	105	386	40	26	752	118	148	498	104	289	55	84	302	78	100	447	72	125	833	160	120	101	454	142	126	432	31	37	708	82	158	553	90	228	52	35	154	69	66	169	68	58	277	141	168	79	384	157	104	337	50	13	557	89	106	419	103	283	114	41	284	41	49	242	58	89	829	142	155	137	380	130	138	353	22	30	536	195	275	414
117	251	393	126	70	268	77	115	253	56	119	743	128	179	156	704	248	108	369	35	18	752	107	167	447	138	272	63	90	288	62	120	424	80	119	845	163	134	98	499	104	113	387	30	27	660	109	172	496	99	208	64	28	147	61	55	170	75	53	243	111	156	89	344	156	98	352	47	19	551	79	105	381	95	324	121	47	269	43	43	210	49	87	740	118	128	145	378	137	118	392	25	19	511	192	261	421
118	223	383	146	56	288	72	97	281	62	116	683	137	198	146	666	197	96	420	37	27	757	96	160	471	116	306	63	97	293	67	115	390	67	114	857	130	105	134	418	106	124	404	29	41	691	99	172	529	80	202	56	31	143	56	85	203	56	52	233	128	157	76	338	147	78	386	47	14	558	80	102	409	102	315	121	44	254	40	50	227	50	89	833	116	129	136	387	135	137	382	23	35	478	205	281	413
119	218	364	120	57	284	69	96	290	55	104	678	122	208	155	697	205	93	362	30	28	719	121	136	450	130	262	62	88	319	64	99	401	74	126	828	138	138	117	431	117	114	378	35	34	682	105	150	495	101	212	53	30	137	56	71	159	71	48	243	153	159	72	366	158	84	364	45	16	527	80	95	389	90	282	110	47	236	42	34	238	44	93	790	136	149	127	374	122	112	410	33	30	473	217	269	412
120	226	414	136	80	305	64	84	304	70	98	779	124	172	165	735	199	81	442	46	26	823	143	184	471	115	296	70	84	293	76	101	459	76	144	799	144	134	88	457	114	120	422	27	37	759	107	172	554	71	224	58	30	139	58	91	192	65	60	257	139	171	91	382	158	97	400	44	15	571	92	126	440	96	355	122	44	267	58	45	233	43	78	792	98	146	144	432	145	143	467	26	37	478	219	264	464
121	244	468	138	91	313	81	99	298	79	138	785	134	228	181	802	261	118	568	42	27	821	110	185	545	151	320	74	86	327	77	142	492	93	139	932	159	143	139	490	120	128	465	39	39	772	112	165	570	81	274	70	43	128	57	89	191	68	65	262	137	190	89	395	166	85	405	49	23	633	116	127	456	130	379	136	49	263	45	47	237	48	101	899	158	149	154	464	149	146	517	38	37	601	260	311	510
