sample_frequency	AAA>ACA	AAA>AGA	AAA>ATA	AAC>ACC	AAC>AGC	AAC>ATC	AAG>ACG	AAG>AGG	AAG>ATG	AAT>ACT	AAT>AGT	AAT>ATT	ACA>AAA	ACA>AGA	ACA>ATA	ACC>AAC	ACC>AGC	ACC>ATC	ACG>AAG	ACG>AGG	ACG>ATG	ACT>AAT	ACT>AGT	ACT>ATT	CAA>CCA	CAA>CGA	CAA>CTA	CAC>CCC	CAC>CGC	CAC>CTC	CAG>CCG	CAG>CGG	CAG>CTG	CAT>CCT	CAT>CGT	CAT>CTT	CCA>CAA	CCA>CGA	CCA>CTA	CCC>CAC	CCC>CGC	CCC>CTC	CCG>CAG	CCG>CGG	CCG>CTG	CCT>CAT	CCT>CGT	CCT>CTT	GAA>GCA	GAA>GGA	GAA>GTA	GAC>GCC	GAC>GGC	GAC>GTC	GAG>GCG	GAG>GGG	GAG>GTG	GAT>GCT	GAT>GGT	GAT>GTT	GCA>GAA	GCA>GGA	GCA>GTA	GCC>GAC	GCC>GGC	GCC>GTC	GCG>GAG	GCG>GGG	GCG>GTG	GCT>GAT	GCT>GGT	GCT>GTT	TAA>TCA	TAA>TGA	TAA>TTA	TAC>TCC	TAC>TGC	TAC>TTC	TAG>TCG	TAG>TGG	TAG>TTG	TAT>TCT	TAT>TGT	TAT>TTT	TCA>TAA	TCA>TGA	TCA>TTA	TCC>TAC	TCC>TGC	TCC>TTC	TCG>TAG	TCG>TGG	TCG>TTG	TCT>TAT	TCT>TGT	TCT>TTT
1	20806	37003	12434	7425	27140	6589	10318	27643	6136	10861	71806	13168	19499	15141	67311	20775	8424	40619	3635	2609	95763	11241	15945	46322	12139	25673	5756	10041	25437	6334	10222	36537	7301	12324	78738	14370	12188	9525	41316	11292	12200	38959	2682	3060	70844	9684	14639	48003	8490	21291	6471	3468	13397	5813	6454	17375	5595	4783	24152	13193	15143	7438	34696	13317	7940	33202	3882	1684	55162	8745	9538	37596	9995	32330	14354	4238	25123	4675	4760	23883	4501	8312	84429	13195	13101	13536	41689	12471	12199	48021	2489	2492	52651	19738	25766	45877
2	6249	11199	3874	2309	8297	2183	3116	8399	1853	3373	22070	4143	5662	4600	20425	6459	2541	13381	1057	796	27702	3308	4748	14871	3618	8126	1737	3007	8237	1867	3131	11372	2147	3651	24717	4537	3489	3173	12540	3542	3852	12737	841	1005	20863	2657	4561	14830	2605	6471	1930	1037	4083	1751	1923	5053	1712	1496	7627	3904	4508	2318	10508	4022	2536	10234	1229	615	16270	2555	2903	11707	2990	9785	4497	1305	7565	1306	1521	7052	1309	2603	25655	3830	3851	3996	12701	3685	3731	16705	811	782	15173	5860	7731	15027
3	3988	7047	2468	1483	5160	1324	1827	5144	1117	2171	13482	2664	3504	2871	12842	3856	1639	8179	691	507	16862	2038	3098	9070	2299	5021	1096	1801	5120	1253	1983	7087	1329	2297	15399	2726	2178	1941	7912	2015	2449	7953	544	619	12483	1750	2853	9376	1497	4100	1217	595	2581	1176	1317	3141	1009	940	4763	2417	2819	1426	6701	2349	1556	6438	760	319	9466	1718	1793	7154	1984	6158	2720	756	4749	845	915	4503	793	1634	16159	2358	2380	2451	7829	2298	2288	10526	531	533	9237	3607	4763	9053
4	2768	5143	1812	989	3648	1010	1416	3698	804	1493	9930	1852	2416	2087	8902	2825	1153	5801	531	345	11896	1521	2085	6404	1643	3647	774	1233	3497	785	1409	5070	938	1715	11024	1966	1504	1322	5429	1497	1702	5511	385	451	8712	1228	1962	6602	1145	2853	817	454	1893	777	836	2144	701	652	3332	1793	1943	1005	4735	1689	1124	4555	527	238	6880	1149	1329	5268	1403	4241	2018	566	3381	578	631	3198	578	1204	11191	1777	1658	1791	5526	1721	1641	7250	291	368	6467	2465	3471	6173
5	2250	4043	1339	789	2995	751	1034	2925	619	1173	7654	1451	1997	1639	7040	2127	970	4499	423	285	9457	1150	1689	5063	1350	2922	593	944	2882	670	1133	3984	765	1315	8611	1545	1200	1013	4411	1174	1224	4352	296	341	7084	963	1679	5203	853	2348	677	320	1419	667	699	1785	519	514	2585	1406	1599	835	3761	1400	833	3590	432	180	5464	882	1005	4203	1145	3346	1630	459	2713	480	477	2508	450	934	9076	1299	1283	1488	4326	1278	1280	5608	273	288	4977	1978	2744	5021
6	1865	3362	1133	636	2431	619	870	2381	497	964	6467	1179	1609	1349	5858	1824	781	3793	366	253	7588	1010	1435	4132	1111	2446	526	754	2390	522	866	3257	602	1163	7149	1312	977	911	3638	988	1111	3650	269	272	5890	742	1279	4295	748	1960	560	260	1232	513	569	1490	493	460	2123	1140	1306	647	3011	1132	728	2981	372	161	4543	760	838	3465	925	2899	1263	350	2214	399	429	2110	397	784	7304	1122	1115	1175	3623	1051	1067	4423	216	254	4148	1663	2237	3971
7	1569	2955	1015	572	2209	538	749	2088	448	887	5505	1003	1426	1166	5081	1517	680	3037	321	230	6716	815	1237	3497	958	2165	469	714	2157	474	811	2878	517	971	6132	1114	883	771	3211	815	956	3010	217	238	4991	704	1122	3836	654	1675	478	249	1058	449	494	1275	381	349	1965	961	1094	571	2625	979	570	2530	307	144	3896	640	726	2786	883	2473	1118	320	1989	376	368	1777	314	650	6454	1010	997	1006	3087	876	926	3590	215	216	3589	1351	1881	3251
8	1485	2669	872	533	1926	421	689	1904	423	738	5029	995	1263	1051	4421	1368	593	2769	262	200	5822	727	1116	3065	818	1791	439	553	1889	389	699	2544	464	897	5635	1019	794	647	2824	723	867	2705	170	214	4324	558	979	3357	573	1407	411	221	919	418	409	1113	355	343	1712	926	1029	490	2349	802	533	2241	295	122	3424	569	635	2559	708	2201	982	289	1707	308	355	1575	320	597	5640	849	828	932	2672	795	843	3304	181	182	3134	1289	1763	3028
9	1341	2455	772	440	1752	452	626	1671	376	715	4590	867	1145	921	3927	1208	560	2458	248	166	5162	628	979	2690	736	1692	368	536	1604	410	662	2314	395	780	4926	913	653	593	2493	684	704	2418	165	189	3928	566	939	2951	546	1338	346	219	845	383	423	1042	318	326	1523	817	949	419	2065	782	484	1943	255	103	3084	508	555	2283	633	1948	920	239	1510	282	352	1434	257	529	5059	774	752	837	2245	718	779	2702	137	156	2794	1137	1643	2699
10	1173	2034	723	381	1513	386	541	1497	323	639	3969	745	1023	761	3512	1075	487	2014	233	140	4770	576	919	2326	643	1417	320	475	1535	369	630	2174	373	677	4393	778	579	527	2274	583	695	2189	129	175	3346	479	759	2625	463	1205	327	181	759	327	375	924	265	280	1352	661	812	378	1832	694	464	1769	229	106	2735	448	547	2029	577	1755	802	223	1398	241	259	1255	240	520	4451	677	620	729	2001	634	597	2365	139	154	2474	984	1420	2378
11	1069	1960	661	362	1393	365	532	1411	307	610	3677	705	924	726	3426	1031	470	1976	217	162	4271	512	799	2253	577	1346	290	418	1442	327	512	1910	355	637	3999	671	570	477	2115	549	594	2024	145	185	3358	487	767	2442	431	1166	319	175	651	288	310	828	249	258	1257	587	711	348	1745	658	385	1684	218	101	2513	460	457	1919	524	1548	668	207	1171	216	244	1136	200	461	4099	574	625	643	1977	565	637	2156	117	152	2428	989	1340	2077
12	1045	1879	620	336	1387	303	481	1361	260	526	3497	645	840	725	3061	989	443	1849	214	148	4064	547	753	2164	571	1316	269	431	1393	339	501	1919	318	617	3906	720	557	449	2042	524	569	1787	141	130	3010	415	748	2262	438	1032	307	148	659	268	311	812	266	229	1128	625	730	358	1647	625	403	1511	197	88	2267	412	447	1843	564	1553	715	208	1229	216	234	1170	225	399	4002	615	620	651	1855	579	617	1944	115	126	2210	912	1212	2013
13	937	1650	548	314	1311	314	466	1192	281	508	3267	606	776	620	2864	871	391	1596	197	108	3634	508	740	1920	544	1206	264	356	1217	283	499	1752	319	557	3560	645	487	398	1812	503	503	1721	133	136	2687	418	668	2100	374	946	284	132	625	241	278	722	241	231	1102	582	674	306	1453	586	341	1387	183	88	2134	353	421	1556	460	1374	637	170	1112	203	213	1022	185	405	3674	552	522	581	1713	495	507	1776	116	110	2025	880	1143	1817
14	926	1639	523	287	1231	255	404	1206	272	504	3136	563	759	637	2841	833	356	1586	152	122	3457	457	692	1836	482	1091	223	374	1190	285	416	1598	309	549	3540	635	474	406	1665	442	492	1640	123	159	2649	346	647	2028	369	937	265	110	634	250	286	701	235	222	1076	519	632	299	1384	530	340	1281	168	73	1958	350	410	1469	443	1361	629	183	1028	191	203	921	175	361	3499	535	450	573	1614	505	508	1686	94	109	2018	745	1080	1621
15	806	1548	463	234	1141	262	400	1089	209	424	2936	546	719	571	2501	783	370	1462	157	103	3198	422	616	1681	484	1075	219	332	1082	243	433	1594	272	480	3179	550	438	348	1516	411	453	1564	117	123	2468	358	541	1830	346	872	246	100	555	236	249	655	182	191	912	500	586	241	1279	465	310	1229	180	69	1843	294	393	1392	389	1252	550	168	956	182	196	962	160	333	3163	447	432	511	1483	512	488	1506	104	106	1704	733	957	1552
16	807	1445	478	284	1088	273	375	1013	220	417	2794	500	689	543	2552	802	334	1408	155	82	3166	425	583	1732	462	993	242	314	1118	202	369	1464	276	486	3029	585	418	371	1559	370	460	1441	122	132	2350	307	540	1845	337	871	204	108	524	190	270	612	211	199	906	454	524	279	1231	485	308	1189	159	88	1976	328	353	1357	412	1173	576	155	951	175	202	878	180	350	3135	439	432	520	1315	406	424	1414	95	108	1660	709	944	1513
17	786	1424	466	273	962	236	401	898	221	416	2543	464	580	514	2244	684	327	1313	157	103	2939	358	558	1510	426	1017	232	321	1002	231	371	1368	252	403	2898	532	420	340	1479	363	409	1293	89	118	2277	302	517	1667	357	773	182	107	516	192	219	615	169	186	847	462	522	267	1137	436	272	1119	160	72	1657	315	322	1253	369	1050	510	128	936	171	192	855	157	308	2940	444	431	452	1319	387	476	1330	92	98	1665	653	915	1374
18	749	1329	472	258	1001	232	358	966	190	384	2686	470	633	496	2201	691	336	1238	146	104	2900	374	589	1503	401	949	215	286	966	214	376	1419	281	443	2867	545	402	337	1401	373	419	1353	101	114	2202	328	513	1596	302	781	207	105	494	193	226	580	187	177	892	438	498	249	1148	424	270	1154	138	68	1736	311	316	1250	401	1119	521	152	878	135	170	825	167	314	2935	392	439	481	1288	409	418	1298	70	102	1611	627	943	1412
19	728	1277	408	212	912	270	330	826	192	380	2400	438	523	506	2121	658	291	1162	137	105	2742	355	547	1441	385	909	200	271	902	203	343	1319	229	402	2710	438	366	322	1277	361	397	1224	94	121	2055	298	469	1579	252	721	186	96	460	173	210	524	166	156	831	392	483	258	1055	404	285	1063	127	57	1527	286	308	1131	353	1045	505	124	830	144	187	746	156	289	2691	405	401	423	1186	377	389	1261	63	106	1407	621	804	1302
20	637	1218	433	231	929	234	351	937	205	364	2393	407	604	477	2029	626	263	1149	139	101	2661	344	548	1421	418	960	196	273	903	203	360	1280	244	405	2654	479	349	293	1307	345	372	1232	101	101	2017	304	454	1503	274	714	202	105	494	186	210	499	187	162	849	414	503	225	1048	403	259	972	131	64	1494	296	268	1122	352	1037	490	144	831	135	155	743	121	268	2757	404	386	429	1200	386	406	1181	89	80	1460	597	840	1186
21	662	1216	373	224	838	218	353	803	199	377	2241	437	564	470	2103	631	279	1104	124	86	2674	319	490	1396	396	867	165	264	868	216	317	1230	222	394	2575	413	285	271	1283	311	357	1194	87	100	1887	261	453	1570	276	666	174	106	408	190	207	518	156	164	781	402	455	206	1051	397	254	950	160	58	1444	274	284	1138	335	1016	452	124	819	136	179	765	134	281	2548	371	366	435	1122	341	363	1106	81	89	1472	560	767	1272
22	611	1157	376	210	874	242	312	847	195	368	2308	430	564	436	1996	582	318	1045	112	93	2444	283	495	1304	354	835	201	250	845	199	305	1175	201	404	2486	480	310	287	1301	316	333	1195	81	99	1877	258	434	1414	260	682	195	81	431	182	197	496	156	174	742	341	440	214	961	394	224	909	116	51	1456	251	275	1117	303	984	424	122	781	152	159	715	118	281	2524	363	353	397	1104	348	362	1093	75	98	1355	606	807	1159
23	669	1153	335	185	787	225	297	794	170	330	2101	408	539	415	1816	550	278	995	117	89	2334	296	427	1198	366	813	160	229	806	158	304	1051	190	337	2341	417	311	275	1121	302	334	1081	68	91	1713	290	381	1267	247	650	180	123	394	167	181	484	160	143	730	364	425	203	920	375	239	972	108	58	1341	229	264	978	286	962	392	104	764	116	151	641	122	262	2297	356	351	348	1025	337	367	1041	60	85	1184	536	687	1070
24	609	1036	339	215	786	207	282	782	151	324	2095	382	490	441	1755	512	283	951	113	98	2349	291	494	1219	343	774	179	241	819	173	267	1097	194	337	2313	432	331	269	1131	304	328	1041	65	108	1685	265	362	1309	255	617	162	79	401	138	171	464	149	118	689	321	432	188	837	340	237	888	120	58	1291	248	251	951	291	897	433	110	722	120	138	692	99	236	2341	346	331	389	1027	300	314	1007	55	92	1249	539	740	1084
25	603	1040	335	198	793	185	267	818	160	304	2000	357	476	445	1771	549	274	986	114	70	2348	277	440	1166	363	778	166	246	805	175	316	1045	192	377	2195	379	304	273	1086	297	337	1013	90	98	1703	216	395	1257	256	605	171	109	384	158	210	516	119	132	674	286	426	200	868	335	217	872	117	51	1320	236	220	968	329	841	415	113	700	115	139	640	114	251	2159	321	321	404	977	302	336	971	67	84	1229	496	690	1038
26	577	1024	350	184	753	170	264	706	141	294	2026	333	460	409	1747	533	229	942	121	84	2104	297	451	1113	324	744	151	219	775	168	280	1035	168	347	2194	428	285	266	1075	299	320	985	71	85	1643	244	366	1170	224	588	172	59	365	163	160	447	132	146	661	350	383	176	826	304	187	773	114	37	1202	209	218	880	299	869	391	89	647	118	138	602	102	248	2234	293	330	371	1031	298	311	899	69	72	1177	500	662	1035
27	522	1019	332	197	675	158	250	749	146	301	1835	328	447	420	1634	409	238	884	97	75	2067	268	379	1123	315	692	142	207	735	146	267	1032	156	311	2144	426	294	218	968	278	300	914	73	73	1547	237	368	1130	216	560	124	74	371	135	180	423	131	126	605	300	360	170	786	314	208	776	106	59	1136	228	255	867	254	764	322	104	620	130	136	551	122	238	2096	286	257	338	888	290	297	918	75	72	1117	454	640	956
28	538	951	302	164	721	175	255	712	149	260	1831	318	413	327	1490	485	248	812	95	84	1992	257	390	1025	300	743	143	221	726	156	234	974	184	337	1977	360	304	252	966	247	271	844	72	79	1453	215	370	1173	192	545	156	81	354	147	167	427	108	115	612	348	372	156	763	316	216	769	121	49	1162	211	185	905	262	811	363	101	623	108	152	589	118	234	2022	318	322	328	837	288	287	868	62	70	1102	468	604	907
29	503	977	321	172	719	148	246	665	146	296	1845	335	447	371	1601	475	256	807	107	80	2038	266	391	1092	327	698	152	247	670	163	290	976	153	339	2003	367	273	243	1003	265	278	880	55	83	1497	216	336	1144	176	576	132	68	363	151	156	400	117	109	624	298	353	178	754	303	214	802	112	41	1119	216	213	828	265	748	358	101	641	117	117	571	105	222	2080	316	297	326	801	275	330	812	69	71	1138	405	598	906
30	486	966	298	159	713	176	251	720	138	283	1851	317	414	366	1592	481	224	876	96	69	1944	256	438	1094	299	742	122	227	743	172	252	998	213	336	2091	361	271	249	1031	289	287	889	65	86	1460	200	341	1129	217	567	143	68	352	134	171	428	137	122	611	282	389	195	751	325	215	766	126	56	1160	189	223	832	247	801	349	119	604	94	130	551	97	252	2001	280	281	346	920	291	315	837	62	68	1034	445	645	908
31	528	874	289	162	641	163	254	614	125	253	1764	325	427	334	1477	457	230	813	106	60	1937	253	359	974	288	669	154	200	632	151	227	915	152	298	1941	376	275	212	958	215	287	850	63	74	1391	199	347	1098	210	492	136	73	326	122	145	374	115	128	587	272	326	175	698	263	200	710	98	48	1085	179	181	792	248	767	340	105	572	104	115	533	101	210	1859	257	250	279	860	296	283	796	70	76	1054	433	586	815
32	485	864	266	154	620	162	204	663	113	255	1661	289	371	335	1410	411	208	816	98	61	1824	233	326	954	261	627	115	187	647	154	259	895	163	316	1810	337	236	196	844	247	257	838	76	64	1369	215	349	1085	207	462	148	64	348	115	139	347	89	118	567	266	345	160	707	295	169	673	97	37	1026	196	183	798	250	683	314	87	556	104	124	500	117	179	1838	244	277	286	812	266	254	746	56	68	994	373	551	840
33	517	889	269	183	642	149	230	582	124	239	1606	279	404	311	1378	415	233	776	95	60	1803	238	346	885	269	629	158	182	622	122	253	865	149	292	1838	352	252	181	915	262	277	750	61	63	1353	163	360	1001	174	539	150	77	315	118	149	382	108	100	507	266	330	139	754	272	166	712	114	37	1061	188	206	796	232	670	292	100	578	112	104	519	92	196	1813	278	287	291	780	225	247	712	59	63	991	413	580	842
34	446	897	271	163	632	160	214	640	164	270	1562	300	400	344	1318	401	201	782	88	57	1738	259	377	985	250	606	120	197	632	135	218	925	163	295	1772	298	248	189	820	207	218	785	50	78	1267	203	299	943	168	439	134	58	268	136	140	371	99	104	488	275	309	122	662	225	176	655	87	49	962	167	212	771	201	722	330	95	565	84	130	484	91	212	1817	265	255	278	747	229	251	727	54	55	914	371	546	805
35	462	840	285	140	629	182	218	613	137	234	1555	308	406	323	1360	395	217	747	98	50	1747	219	343	908	292	632	120	205	582	118	200	838	140	269	1736	308	258	200	821	250	283	785	61	60	1262	179	289	1015	183	469	106	74	324	130	136	376	111	106	515	275	322	148	676	228	176	654	104	39	963	179	199	762	212	648	314	97	501	92	126	509	90	204	1752	261	247	318	758	225	256	699	62	46	918	391	543	810
36	455	830	263	127	602	147	213	564	114	235	1560	302	354	302	1341	423	237	703	88	69	1688	208	345	906	285	572	108	166	634	130	212	860	164	267	1757	317	213	203	818	222	250	755	62	67	1256	190	286	937	183	454	120	58	312	113	129	353	87	107	514	253	328	147	692	268	170	656	97	45	967	178	184	749	264	734	292	88	572	94	95	467	64	191	1659	254	268	290	751	247	270	739	63	63	908	366	552	807
37	453	823	240	170	605	142	197	563	127	250	1574	274	350	324	1350	405	171	721	64	58	1649	225	343	894	236	592	100	173	596	142	213	819	154	265	1649	289	240	175	802	238	256	778	49	69	1219	195	278	958	163	445	119	73	323	126	157	326	87	91	499	272	321	140	686	257	139	660	93	38	946	188	214	701	216	634	310	67	538	91	115	469	99	217	1645	263	268	281	777	231	236	681	65	64	899	404	530	759
38	441	802	223	153	592	140	200	566	128	244	1522	268	374	297	1314	386	201	687	91	59	1719	187	337	886	256	582	120	195	548	125	204	775	180	278	1720	304	229	173	772	207	226	724	66	76	1247	170	273	968	165	434	142	74	295	123	130	337	84	102	488	247	287	131	619	220	155	611	81	35	937	186	195	671	209	654	295	91	500	90	129	494	80	174	1728	231	239	268	679	250	254	675	58	63	874	359	511	725
39	447	779	229	139	534	137	188	548	119	216	1439	282	332	310	1288	389	165	733	94	62	1628	197	296	824	252	532	122	156	545	137	180	800	145	214	1687	280	228	190	802	170	231	772	49	50	1177	183	255	875	158	423	116	60	299	79	136	305	110	98	462	263	283	142	618	234	181	625	76	29	865	153	185	649	207	652	282	101	483	65	89	491	82	177	1625	231	225	260	691	196	233	659	43	47	887	363	479	746
40	397	772	237	148	559	105	210	529	110	222	1399	239	312	283	1201	361	166	599	79	67	1485	195	315	785	207	554	111	153	543	123	192	756	155	225	1506	273	197	155	753	164	244	674	65	68	1016	148	257	862	140	407	108	52	287	99	122	326	104	99	449	224	268	137	592	204	147	604	76	34	839	159	159	663	223	577	262	89	469	77	81	466	74	160	1577	223	244	251	678	201	226	617	56	64	848	363	460	730
41	392	700	213	140	563	112	189	514	108	223	1351	239	334	268	1129	373	163	625	76	66	1451	190	284	772	238	545	118	150	535	148	200	765	139	231	1561	264	190	138	709	202	191	617	55	55	1055	156	268	817	144	420	96	60	294	98	137	315	93	102	462	226	266	121	593	233	141	571	78	41	848	166	177	690	187	641	233	72	454	57	97	423	73	163	1495	204	222	258	640	206	221	626	70	46	776	316	494	715
42	375	693	212	114	509	101	168	488	97	220	1329	256	322	264	1129	358	180	621	79	57	1531	208	291	787	201	514	120	143	514	130	190	720	126	246	1506	267	171	172	702	176	230	578	53	52	1110	157	260	877	154	405	136	41	230	108	104	292	104	96	456	190	288	124	542	201	154	536	76	32	806	139	164	647	210	540	243	74	436	75	97	402	83	169	1440	228	210	235	591	223	215	614	40	49	792	316	447	666
43	380	734	224	140	506	141	161	498	124	209	1307	260	340	259	1133	359	159	576	69	57	1413	210	305	755	214	499	97	158	557	119	179	740	117	260	1505	262	199	166	660	183	212	649	60	76	1090	164	251	880	166	383	104	56	257	97	117	280	76	92	431	239	274	131	548	217	147	547	83	40	838	150	192	606	176	559	241	77	487	86	100	431	94	177	1554	201	201	258	622	212	228	563	48	54	814	325	442	675
44	422	755	214	131	515	132	193	469	95	195	1328	239	293	286	1153	354	172	605	76	60	1425	173	290	726	226	496	94	158	491	127	180	742	139	217	1498	254	209	152	676	164	226	641	54	56	1024	163	247	785	137	400	83	56	253	104	108	325	93	98	435	218	235	120	514	214	152	575	76	34	852	132	141	620	173	567	254	73	444	72	91	392	68	159	1491	230	215	246	618	199	213	575	48	48	757	312	462	666
45	401	734	220	126	554	123	186	495	96	225	1346	258	326	277	1198	382	174	669	82	72	1581	202	311	809	229	519	105	168	553	126	198	768	119	270	1484	238	197	176	764	196	219	692	63	54	1188	165	260	895	167	410	125	63	303	107	139	314	96	105	474	229	290	129	599	216	178	583	94	46	878	156	157	699	191	560	247	86	477	93	99	452	85	162	1549	231	241	228	713	220	252	669	47	49	816	300	482	681
46	353	657	208	95	499	126	157	484	98	169	1302	232	274	236	1083	335	162	547	65	41	1364	181	291	690	176	501	108	146	521	120	190	711	123	232	1439	251	176	156	674	223	214	586	48	66	1011	133	250	762	131	375	122	56	256	95	117	286	71	80	438	225	250	113	527	224	157	492	73	43	811	162	155	552	181	528	305	81	433	83	91	387	63	165	1366	223	205	196	650	209	196	569	30	56	778	276	436	656
47	349	654	242	134	510	133	189	491	99	197	1271	218	308	239	1007	330	162	579	85	47	1403	197	256	736	229	502	99	136	507	118	178	733	114	212	1476	255	185	157	676	183	185	647	46	57	998	154	232	799	172	385	89	52	266	100	103	288	82	76	419	197	255	112	559	221	125	539	77	40	775	117	126	583	206	553	240	72	433	59	76	374	57	164	1419	206	203	207	626	208	225	541	55	45	759	298	434	633
48	334	650	211	98	446	111	163	433	76	189	1239	178	295	253	1008	300	145	532	73	39	1259	166	238	678	204	462	106	135	473	96	152	616	133	187	1363	231	169	178	603	156	196	622	45	51	864	114	220	738	152	370	90	46	226	83	98	274	65	93	410	184	256	114	514	200	130	542	69	25	804	144	137	551	178	520	206	70	400	68	86	360	81	143	1305	203	182	263	564	190	196	586	31	52	697	286	421	592
49	311	601	190	118	483	127	162	445	103	220	1215	182	314	242	1015	334	123	508	67	41	1232	149	244	639	217	466	96	126	502	84	152	669	122	210	1298	257	179	165	623	170	189	592	38	67	985	135	231	742	134	365	98	51	229	102	97	298	94	87	426	189	218	97	504	166	134	504	60	37	732	122	151	560	186	542	243	71	405	63	97	390	68	150	1398	180	200	209	561	190	193	528	48	59	696	314	415	613
50	349	632	192	104	445	128	169	428	91	165	1198	206	260	228	1070	285	168	544	64	46	1257	181	254	697	209	461	86	129	483	100	173	644	101	216	1287	248	151	146	633	163	167	579	55	45	947	131	197	751	152	350	96	49	239	72	98	268	70	95	385	214	227	125	505	190	126	457	56	23	746	128	142	568	160	554	227	56	408	76	82	371	67	147	1356	185	181	224	564	159	180	535	38	52	678	278	432	572
51	373	563	206	102	493	111	149	436	81	176	1144	192	266	231	1015	294	161	548	54	47	1205	188	224	621	214	442	106	124	452	97	163	699	109	219	1328	234	187	155	622	169	202	572	39	58	896	129	224	738	116	348	94	51	219	78	101	246	74	100	402	227	220	130	504	188	126	481	84	32	693	133	138	539	175	492	223	65	384	67	109	382	73	155	1350	195	168	197	564	165	205	538	45	39	657	277	412	606
52	368	577	216	117	440	113	155	434	91	155	1210	214	260	238	975	315	165	534	58	45	1228	179	260	644	198	489	83	118	462	94	175	581	98	200	1335	204	174	148	560	165	168	544	47	50	921	121	209	688	144	362	105	54	235	77	115	262	83	73	375	187	245	100	489	167	134	461	62	37	717	113	135	538	170	485	204	71	421	67	76	333	75	153	1333	194	202	218	549	161	169	496	39	47	624	292	443	577
53	379	652	168	117	461	98	153	450	81	186	1210	217	280	222	1019	257	151	551	59	53	1268	167	271	692	189	428	108	139	442	90	158	631	100	203	1345	238	181	148	607	134	185	532	55	46	930	132	203	733	157	341	98	52	229	77	114	278	74	77	403	203	201	99	485	159	121	516	49	21	727	130	122	547	169	529	223	66	430	71	88	334	60	130	1296	196	171	200	567	195	178	536	47	43	665	265	382	587
54	342	627	180	91	467	81	154	440	103	165	1168	218	268	220	940	290	157	550	81	42	1256	164	258	679	213	454	93	143	419	109	159	652	117	202	1377	230	158	153	621	164	187	567	52	60	924	135	243	702	137	383	88	43	222	85	116	261	67	84	416	191	208	111	519	163	121	458	56	37	650	112	121	510	182	511	205	65	404	67	92	379	62	153	1332	176	168	224	591	181	191	530	32	55	639	290	405	576
55	343	586	203	113	415	93	163	453	77	178	1105	183	252	235	968	300	123	530	58	51	1193	131	265	651	190	428	84	126	448	104	164	617	129	200	1280	227	162	136	607	170	183	586	40	61	839	131	234	688	137	327	99	39	231	88	98	250	87	89	375	164	213	104	462	188	129	465	57	27	656	128	135	558	168	490	193	69	393	72	71	346	74	126	1252	207	184	206	528	182	165	532	48	46	658	266	411	569
56	338	601	174	124	419	100	169	429	81	174	1079	200	265	228	926	280	147	501	51	49	1148	156	225	652	180	422	78	139	430	109	146	627	115	197	1211	218	169	128	548	124	144	529	46	45	829	135	220	738	115	337	83	44	219	98	96	277	58	81	369	200	221	102	450	174	127	455	59	23	669	114	141	508	168	482	225	48	395	62	56	348	56	124	1165	189	206	194	523	144	173	494	37	33	594	285	384	519
57	282	583	157	92	412	101	139	411	79	181	1009	189	261	225	917	245	133	470	52	56	1111	135	208	593	179	379	75	105	409	86	148	584	107	178	1210	225	157	124	508	122	153	489	44	34	780	110	212	663	136	337	74	31	193	79	92	244	50	75	365	197	212	117	465	191	103	421	58	33	647	139	103	479	144	467	212	54	352	66	67	303	57	149	1219	152	145	182	496	157	182	447	38	45	575	245	373	479
58	317	515	184	99	354	90	149	373	86	153	955	181	223	197	852	251	129	478	64	25	1048	135	216	551	162	395	57	120	399	86	141	580	85	177	1159	203	146	140	521	140	152	460	35	43	831	115	177	624	107	293	86	41	176	63	76	210	62	79	352	179	192	102	428	151	105	402	64	24	609	110	116	503	158	382	188	52	374	60	69	339	58	131	1108	167	158	158	471	136	149	422	30	36	608	217	324	490
59	301	590	201	100	382	89	132	387	76	157	1071	198	249	213	813	265	124	505	64	47	1116	153	229	575	168	412	76	116	396	91	157	577	105	168	1222	210	165	123	523	157	159	520	33	37	741	102	221	608	124	309	84	50	208	78	88	245	74	88	333	153	210	104	450	165	103	459	54	32	658	111	101	510	138	458	206	60	383	66	71	309	62	116	1214	182	170	183	514	158	168	453	31	42	570	260	361	490
60	302	522	162	99	400	112	158	381	67	159	1028	216	239	210	881	290	140	468	52	53	1081	173	228	588	184	368	75	119	417	71	129	579	88	198	1221	232	138	148	546	150	157	470	45	48	871	132	200	672	122	324	106	40	209	62	85	209	64	60	370	156	222	106	451	178	118	424	59	36	641	104	147	465	169	458	179	77	336	72	80	313	68	135	1177	176	167	156	508	142	175	466	35	35	607	277	360	531
61	297	538	168	100	373	94	130	366	82	164	997	178	226	238	884	283	129	480	64	32	1081	142	237	542	171	399	60	120	439	93	136	531	103	186	1194	225	164	127	551	135	170	522	47	35	804	128	186	658	115	314	81	33	207	83	92	255	58	61	369	150	190	112	413	180	92	404	56	31	630	105	132	511	155	422	206	59	344	48	85	327	71	130	1101	151	167	185	465	147	187	488	47	38	586	234	347	553
62	297	526	159	105	368	73	147	345	73	166	976	190	222	186	829	269	131	451	66	40	1011	156	202	558	160	399	71	121	385	88	135	569	80	211	1149	201	153	134	538	139	157	533	39	51	809	115	146	690	125	308	89	34	191	74	108	219	69	63	350	158	209	92	448	166	103	400	43	24	650	121	129	490	150	426	189	49	318	51	53	311	57	123	1109	153	181	181	480	157	175	438	31	39	544	248	359	473
63	275	542	153	107	392	93	146	408	91	139	1046	189	230	210	814	248	131	490	58	63	1056	134	202	599	174	357	79	132	408	71	125	553	123	181	1173	211	136	128	515	153	144	483	41	43	771	117	180	606	113	298	82	37	200	69	86	225	67	66	351	150	202	74	382	142	113	375	54	26	608	106	130	476	143	446	196	46	351	54	76	313	62	109	1113	166	172	171	452	148	146	448	34	31	537	225	307	488
64	313	520	180	83	390	96	142	419	60	167	1072	181	248	211	863	273	125	500	53	45	1051	158	228	619	190	376	73	120	401	94	140	603	108	181	1155	225	140	128	554	151	163	454	34	52	772	113	199	631	133	312	80	34	197	79	81	237	55	85	354	160	208	97	402	158	104	427	47	22	603	116	124	501	138	462	208	65	353	55	85	321	63	132	1213	181	158	199	526	142	155	472	41	44	592	231	365	507
65	287	554	154	82	369	100	114	362	87	147	947	153	232	203	822	258	145	449	58	43	1119	144	199	612	151	424	85	105	371	90	144	566	117	177	1145	176	136	122	549	127	158	472	30	36	732	99	209	616	106	275	80	50	224	55	74	229	70	65	331	156	188	96	401	152	96	379	44	23	574	101	122	462	131	435	195	68	337	56	72	326	48	114	1064	172	145	176	412	140	158	451	33	37	528	225	356	498
66	324	500	171	89	385	97	146	321	82	153	993	173	236	182	846	244	121	455	51	32	965	137	217	565	174	406	75	115	375	87	133	549	91	182	1100	195	138	107	468	146	121	487	39	45	774	89	185	657	93	286	85	36	198	77	78	218	69	72	356	176	192	98	427	143	118	411	53	22	561	110	136	449	147	440	207	43	354	58	64	338	51	121	1059	144	142	151	440	134	166	420	41	40	515	234	334	430
67	283	481	180	88	392	87	122	382	66	159	1001	164	209	178	763	262	137	422	52	46	959	153	214	533	158	377	58	111	371	105	125	536	90	171	1051	206	160	103	498	133	154	511	37	36	668	107	165	618	111	291	81	33	169	73	96	207	44	74	317	177	184	99	402	132	93	377	50	16	556	100	121	457	144	424	167	51	313	54	77	308	49	130	1102	159	147	171	464	136	155	460	37	35	547	225	343	475
68	258	500	142	89	358	93	108	331	63	172	869	184	197	183	770	225	94	416	43	45	970	148	210	544	133	380	53	116	371	93	146	536	90	165	1045	168	137	107	488	133	136	436	38	44	741	122	185	552	134	286	69	42	156	73	104	220	58	76	315	167	196	72	359	159	123	379	48	24	566	115	113	450	152	361	181	55	323	53	63	268	50	135	1006	177	137	174	435	135	154	413	32	41	546	198	331	449
69	268	493	134	91	388	96	122	374	85	144	962	169	242	191	802	257	112	429	47	26	981	126	191	531	185	355	85	94	389	75	128	552	93	159	1028	192	154	114	486	128	131	472	37	40	747	98	185	572	114	295	82	37	193	83	99	206	65	70	350	192	169	98	407	153	94	375	45	20	552	82	112	438	158	402	186	45	321	60	53	300	53	109	1041	167	158	153	450	149	154	447	33	39	524	241	326	461
70	252	491	181	86	375	93	136	353	60	139	928	163	216	180	808	234	106	428	65	39	918	120	197	537	174	362	68	101	377	82	127	549	96	141	1071	185	148	122	467	107	160	470	45	54	698	115	181	592	119	279	86	40	203	79	91	236	64	60	284	134	185	81	338	147	100	373	35	19	590	105	94	393	121	433	200	64	328	49	68	293	60	117	1073	155	131	157	408	141	141	403	31	32	540	228	317	442
71	273	499	159	80	347	93	119	306	81	144	929	184	211	194	713	222	111	439	59	39	953	124	198	507	131	386	80	116	338	72	118	468	78	194	1027	189	128	102	456	138	128	445	30	47	726	113	183	594	102	264	64	42	178	62	83	183	65	63	306	151	172	68	392	133	108	372	50	17	568	97	119	419	148	390	176	43	308	48	65	291	57	125	1005	128	139	157	403	114	134	409	29	34	497	221	317	436
72	278	457	158	83	344	80	128	381	80	141	930	172	195	179	706	219	94	416	60	39	902	130	185	515	145	369	85	104	350	66	127	490	84	171	1003	158	109	115	476	124	145	464	38	33	699	124	170	536	98	278	80	33	177	78	77	235	56	66	292	152	178	81	404	144	94	368	54	24	478	94	96	401	142	358	151	55	335	56	66	293	53	111	1049	159	126	147	456	146	135	380	31	38	476	207	337	464
73	265	495	144	88	345	89	126	312	72	147	833	161	202	167	744	218	117	401	47	30	940	136	196	498	155	352	65	104	344	70	109	469	87	163	1014	178	121	113	428	116	132	419	39	28	707	124	175	569	90	258	74	48	163	76	80	204	61	64	296	136	199	88	373	142	95	342	62	18	498	104	98	397	140	367	170	55	310	54	65	270	44	117	973	154	129	168	421	107	146	418	27	35	489	204	321	455
74	247	468	155	85	365	86	126	304	75	134	878	161	206	202	755	230	115	373	45	37	914	100	168	499	141	382	69	106	367	69	127	505	108	163	1000	173	118	112	475	106	140	445	31	45	669	111	166	556	110	281	65	45	163	65	82	196	62	73	289	142	162	71	352	141	67	379	42	27	538	110	99	395	139	393	174	40	308	48	55	291	58	111	982	142	125	149	394	141	156	384	33	31	506	178	278	424
75	244	447	139	69	346	93	115	312	79	143	856	167	213	156	684	233	103	433	49	33	858	102	180	506	152	336	56	117	351	77	124	492	93	159	928	186	140	109	462	132	147	392	35	35	615	104	153	524	108	263	76	35	156	57	68	187	48	53	282	129	157	76	379	126	101	354	45	21	467	115	90	394	134	355	159	38	268	46	42	286	44	108	935	134	143	132	422	125	135	388	29	38	488	188	315	407
76	257	466	126	87	340	85	139	323	76	129	903	144	213	181	722	228	123	405	48	34	872	140	154	466	168	348	71	97	382	70	120	486	90	167	1033	179	107	94	435	114	127	379	28	43	646	121	156	521	80	265	78	40	177	71	85	199	49	57	280	137	194	105	363	137	88	335	38	16	493	102	104	409	136	375	147	49	312	56	69	292	49	86	991	131	144	159	397	158	153	405	33	20	472	206	317	403
77	231	456	126	79	315	73	103	319	67	135	795	149	162	138	678	208	107	349	52	36	880	110	163	419	163	340	62	104	339	90	127	486	84	168	954	183	119	89	439	113	137	371	32	34	621	89	158	512	101	235	73	27	152	56	80	175	35	55	264	117	168	86	369	140	71	282	42	22	472	106	107	382	133	398	173	48	282	43	48	265	47	95	921	136	123	124	356	116	150	372	33	37	459	172	313	397
78	237	405	174	81	291	89	118	328	61	138	839	147	190	179	738	218	103	389	56	36	828	122	189	482	167	368	59	89	353	73	121	487	89	146	1007	152	144	87	404	127	144	379	31	22	631	115	152	482	114	242	71	28	184	62	71	238	45	54	288	110	184	72	345	119	98	346	49	14	481	92	104	390	130	379	168	43	306	44	58	269	46	114	905	146	115	158	382	124	130	377	32	38	445	196	263	406
79	236	433	141	81	310	59	133	331	66	125	784	150	173	149	705	197	105	344	41	34	809	122	154	458	136	316	52	105	342	85	121	459	82	167	1014	166	109	85	409	97	116	396	33	28	650	92	130	484	99	244	61	41	163	69	62	201	53	54	237	134	159	75	335	141	97	323	52	24	477	98	101	385	113	400	174	42	315	47	58	257	48	83	926	123	130	143	427	126	126	357	28	26	455	194	267	425
80	275	438	130	82	356	81	114	310	67	136	833	154	188	144	680	199	112	374	42	29	842	111	173	463	163	330	63	110	314	72	113	485	83	145	1000	162	129	104	411	104	126	402	26	38	617	89	165	475	93	265	56	43	174	46	80	187	64	68	294	134	185	67	369	138	84	310	41	19	538	91	86	379	128	332	143	38	315	48	60	265	30	108	951	132	137	154	412	117	114	391	27	29	494	178	268	413
81	223	427	121	74	297	78	116	275	47	121	782	144	151	165	663	194	110	333	47	34	845	117	163	424	169	306	50	81	313	58	102	510	81	151	853	151	104	107	433	94	122	373	24	30	595	76	153	459	102	245	52	34	152	67	61	158	45	46	316	135	154	68	321	135	87	344	50	24	472	98	83	350	116	336	138	44	273	44	47	235	34	106	831	126	132	139	339	134	105	390	33	39	438	184	253	386
82	234	404	118	76	341	72	107	298	54	137	796	123	168	157	634	185	108	339	37	36	805	94	154	434	119	286	64	99	328	52	103	414	79	130	893	140	95	91	361	134	102	368	36	43	532	101	141	447	92	226	78	31	164	66	62	185	39	47	260	131	127	68	321	131	72	309	32	18	433	88	84	329	104	335	125	41	279	41	54	220	46	96	866	126	119	145	347	113	114	364	19	27	456	163	257	351
83	243	412	132	70	315	87	97	277	57	128	805	133	177	182	651	202	82	358	43	27	784	109	164	456	137	308	50	108	318	71	110	412	90	147	915	181	105	98	409	97	117	358	26	29	588	91	147	464	96	225	53	39	147	57	70	176	51	71	261	118	149	70	323	123	77	316	43	21	443	64	84	344	113	357	165	49	264	43	58	233	41	101	834	123	112	140	345	123	112	314	18	33	416	182	250	387
84	237	447	164	74	307	78	106	303	70	128	808	138	171	151	618	199	84	386	61	23	793	109	179	468	145	324	67	78	295	71	130	466	70	141	914	145	91	88	429	97	121	395	26	30	558	68	149	472	98	252	55	32	166	58	64	181	49	61	286	111	159	76	312	112	83	328	42	24	497	94	96	366	121	340	161	57	261	42	48	248	57	113	813	150	105	147	317	112	123	343	24	27	381	195	257	376
85	200	428	120	82	295	68	130	274	64	125	746	148	148	161	646	188	77	339	39	25	783	113	152	435	132	281	47	74	293	70	125	466	81	130	903	157	122	82	377	97	105	342	30	31	583	94	134	458	79	235	44	33	159	50	53	177	54	53	267	105	166	72	303	122	86	247	46	17	439	96	84	331	99	307	159	33	290	39	64	265	46	89	826	132	120	129	368	101	121	310	28	25	436	171	241	376
86	256	425	113	85	307	63	109	284	51	106	805	141	171	172	634	204	94	357	47	31	782	111	185	435	139	322	57	100	317	53	106	508	98	141	886	160	110	88	415	109	125	353	41	39	600	95	132	464	85	249	66	22	150	57	67	176	42	56	243	134	149	77	319	130	91	336	35	28	460	91	71	373	128	337	166	39	264	49	59	259	38	106	854	149	121	131	337	112	127	342	32	35	412	190	253	415
87	218	432	127	69	312	75	86	276	43	126	741	152	177	163	646	220	94	332	42	34	815	119	173	424	147	317	73	89	308	66	110	429	72	145	936	171	112	102	401	127	120	366	32	33	569	74	148	467	95	230	55	36	181	55	64	161	38	54	242	124	156	76	328	129	89	315	31	18	482	81	90	350	114	325	155	37	262	42	47	260	46	105	833	127	124	145	351	111	117	377	21	33	408	172	251	382
88	233	380	133	72	287	74	107	316	60	117	706	114	173	158	591	182	89	344	48	40	746	101	163	424	98	275	53	99	313	63	105	434	97	129	861	132	94	85	360	91	103	330	22	28	588	84	122	444	75	223	54	33	139	54	65	174	49	46	230	114	138	66	336	124	89	320	39	17	436	80	101	352	115	338	147	42	296	48	45	237	40	102	785	112	114	143	341	120	105	327	22	27	415	194	256	354
89	216	429	137	74	286	56	108	298	54	114	735	151	173	157	655	189	93	314	38	28	796	122	154	442	140	301	51	95	303	71	120	445	75	164	908	175	111	97	385	99	125	370	31	38	580	92	129	509	101	211	65	37	147	55	65	168	43	45	266	123	161	83	288	130	74	317	35	25	420	93	97	387	138	310	163	50	291	44	45	268	46	91	855	103	124	139	364	131	120	336	27	23	421	173	267	371
90	213	400	139	70	302	73	115	294	48	112	754	123	157	152	594	194	103	341	36	30	774	83	147	411	123	293	61	83	333	58	100	429	67	125	891	169	104	122	376	86	130	362	28	42	567	72	123	475	85	247	69	30	128	54	76	159	37	58	244	140	139	69	340	128	67	310	35	18	422	61	82	346	105	327	141	42	256	58	47	239	50	104	828	132	111	115	350	123	115	308	16	18	403	176	233	359
91	216	428	118	69	339	60	109	261	51	122	765	131	182	159	649	173	94	351	46	31	782	98	165	427	159	300	57	80	320	61	131	417	72	133	888	169	106	83	410	106	112	365	19	35	564	76	140	440	88	237	52	39	158	56	64	177	38	55	268	129	150	79	314	114	69	297	34	15	455	78	78	353	116	323	141	50	286	44	52	242	35	90	855	140	111	142	348	112	153	350	25	37	413	160	231	370
92	224	394	132	74	295	46	101	274	59	116	726	146	166	157	578	179	99	360	46	27	741	108	157	431	125	311	52	85	293	65	89	449	66	129	774	143	94	82	355	102	114	379	30	19	508	78	125	431	89	240	56	27	149	60	56	181	52	51	241	116	129	73	276	123	77	300	46	18	388	67	81	320	121	306	161	31	238	49	44	246	53	104	874	119	109	127	358	96	117	332	23	30	415	174	225	341
93	206	373	132	65	273	75	102	261	59	108	723	150	182	158	592	156	107	314	45	27	727	87	162	413	122	269	54	77	279	58	101	410	69	122	803	122	105	80	361	91	108	338	28	25	516	82	133	411	79	247	51	24	138	50	57	165	38	53	279	133	149	59	276	128	74	274	47	18	448	84	85	376	109	297	141	48	204	45	52	237	46	76	749	106	126	139	296	98	130	344	21	32	405	198	236	348
94	214	395	135	69	293	64	88	289	48	111	701	152	175	158	610	203	92	344	37	34	722	110	175	397	114	314	55	67	287	55	111	404	58	139	849	127	107	95	354	113	109	380	33	32	541	89	118	456	92	236	61	32	158	57	55	161	45	58	249	131	137	71	326	117	87	296	45	18	432	77	71	344	98	288	144	57	253	46	52	258	49	96	804	139	84	130	336	118	128	314	23	33	402	173	246	346
95	211	365	113	60	277	62	91	268	66	103	670	127	158	155	557	177	76	314	32	26	675	103	136	407	119	289	64	87	302	61	110	428	75	91	818	128	103	76	370	89	135	308	14	37	520	71	129	431	80	212	63	26	134	55	49	156	38	52	215	116	139	70	300	122	99	288	28	19	396	70	72	329	133	307	139	45	226	35	39	232	43	83	750	118	127	122	336	105	124	326	32	26	390	187	258	359
96	197	378	121	54	261	50	94	247	63	110	691	139	141	149	615	169	88	312	42	34	710	88	166	395	113	261	49	74	284	63	81	395	55	130	771	147	105	79	357	82	106	316	23	29	525	84	135	408	70	186	55	33	154	35	59	150	33	46	271	105	135	66	284	119	82	286	29	15	396	64	70	281	101	340	131	36	231	49	51	214	52	89	746	114	99	131	333	121	91	321	27	19	373	167	219	322
97	188	355	106	58	270	51	115	248	62	103	720	113	158	124	575	167	92	314	44	20	648	103	173	379	125	267	51	86	289	59	105	367	67	143	771	127	94	67	350	90	117	343	23	31	477	61	127	387	76	214	58	32	135	61	49	151	39	44	226	93	141	81	262	98	66	256	32	20	395	69	68	306	94	282	128	41	244	36	47	217	38	89	768	117	83	102	298	93	100	287	22	19	351	150	183	311
98	200	340	91	48	227	51	77	238	43	77	579	115	151	130	509	166	81	320	27	30	681	81	153	369	98	247	41	52	210	55	85	370	62	109	726	156	87	84	302	90	94	280	33	20	458	81	127	383	73	197	43	26	134	57	63	159	37	58	218	107	126	68	248	95	71	272	39	15	356	67	72	292	85	265	130	45	213	32	46	228	46	94	702	106	113	104	295	83	93	295	26	21	328	149	200	296
99	175	336	111	66	242	60	90	258	46	112	629	100	118	129	533	150	82	284	30	26	657	88	139	389	113	250	41	86	287	48	74	375	72	110	652	117	74	82	304	104	100	284	20	17	500	71	117	401	88	185	47	18	129	47	69	131	44	49	218	110	128	52	278	97	66	292	37	13	372	67	62	287	83	265	124	37	202	48	35	194	26	89	718	85	101	112	295	84	120	280	26	23	364	152	221	309
100	195	346	105	80	247	60	86	305	54	113	695	141	156	135	604	197	84	283	36	37	693	94	122	358	117	264	59	72	301	67	95	376	63	113	844	126	85	80	346	116	113	309	25	23	533	94	125	413	64	202	61	25	123	49	61	171	44	57	226	108	138	63	276	112	65	270	42	13	358	74	74	344	113	304	113	38	245	54	58	217	41	76	791	105	105	117	339	99	98	307	23	28	355	161	228	321
101	177	317	102	56	252	63	91	239	49	116	614	115	127	122	523	167	79	284	39	17	668	83	125	371	87	276	47	77	254	41	68	388	74	110	783	129	70	70	364	79	99	281	24	26	486	73	119	434	66	209	50	25	139	41	50	142	46	50	234	95	125	61	241	94	62	258	50	17	353	72	75	325	113	283	139	32	248	32	34	202	53	99	677	115	105	102	280	111	115	287	22	21	374	148	203	290
102	187	341	131	62	241	58	94	251	44	101	632	116	149	134	553	155	66	283	39	27	654	81	127	375	113	263	60	75	294	49	108	381	53	98	757	125	104	67	315	96	103	306	19	18	462	76	88	380	85	208	40	22	144	61	55	133	38	46	219	97	119	60	247	125	66	283	34	23	364	68	87	289	93	256	119	33	231	34	36	213	56	88	761	116	108	92	253	84	103	273	15	25	379	133	197	293
103	197	354	93	63	255	56	85	245	47	94	653	116	140	114	501	169	63	299	43	19	707	81	137	376	81	229	56	74	242	54	94	366	68	109	790	128	95	81	333	71	106	311	16	19	458	64	130	377	79	211	50	24	136	40	59	153	43	49	226	97	110	67	269	117	56	236	33	15	377	62	69	287	85	266	123	43	233	40	41	208	29	84	737	99	93	133	332	83	106	296	26	24	323	141	191	322
104	188	347	115	74	222	62	91	257	57	82	610	124	144	127	516	139	69	284	53	24	637	86	127	365	112	256	53	88	289	55	85	346	68	128	810	144	83	68	323	88	97	314	22	29	501	85	120	395	68	202	46	21	125	46	60	145	36	48	209	114	119	57	270	97	67	242	41	20	365	80	73	300	110	272	104	49	205	33	45	200	29	84	678	114	103	110	290	93	120	275	14	21	345	157	220	311
105	181	338	104	59	238	51	79	258	52	85	642	99	138	115	512	165	70	311	44	26	686	102	161	355	109	236	54	70	291	56	97	387	64	135	747	115	94	69	333	76	122	309	22	28	461	78	117	359	81	210	55	26	109	45	58	165	45	53	205	95	117	63	267	94	66	270	37	19	370	93	71	329	93	273	120	39	207	39	47	221	37	79	700	105	101	127	306	98	103	296	27	25	367	159	207	291
106	190	316	94	48	219	51	66	248	55	115	619	110	147	141	519	155	80	266	36	18	610	89	160	332	115	248	44	67	291	46	90	358	59	107	718	111	78	95	304	76	92	283	19	26	490	62	116	342	68	186	34	20	118	59	55	133	30	41	210	103	131	66	244	85	65	269	27	16	333	69	78	278	92	247	118	37	205	38	43	195	27	76	711	110	87	115	281	102	107	292	21	14	334	131	178	284
107	207	347	103	65	240	60	98	245	44	102	603	117	114	124	502	185	62	301	32	31	651	74	116	347	114	242	62	61	248	64	107	380	59	114	759	125	97	62	326	78	110	308	30	30	502	65	125	357	67	166	48	33	121	56	59	126	38	49	219	89	121	67	243	104	59	271	19	15	343	70	63	297	108	261	108	38	246	47	63	223	32	70	659	88	89	116	279	103	89	299	16	18	386	136	195	304
108	196	323	107	53	254	54	90	214	46	83	639	137	148	126	544	173	86	268	32	22	636	96	150	357	95	245	63	71	272	56	90	330	57	109	737	147	90	73	333	94	89	314	20	22	505	73	102	399	69	185	50	17	120	46	50	141	53	34	252	102	115	57	268	89	65	277	39	15	357	68	75	295	86	301	115	36	200	36	40	218	31	97	732	110	105	120	284	102	99	256	18	23	382	149	197	315
109	201	353	101	71	244	64	76	250	40	106	679	96	141	128	529	147	87	295	41	25	606	92	136	362	103	255	49	67	264	44	89	381	62	101	692	127	93	89	331	97	103	298	20	20	420	66	127	366	71	201	47	34	123	42	60	138	41	47	205	96	118	55	253	111	76	285	48	19	337	65	61	281	117	271	123	24	218	31	43	187	32	81	717	96	91	114	268	88	106	274	13	22	301	142	211	316
110	163	309	103	63	224	63	89	209	44	79	578	95	119	126	468	124	64	254	30	26	580	90	127	359	96	258	46	65	245	45	72	357	59	109	666	132	76	70	336	75	111	280	28	28	408	64	98	337	64	168	37	24	104	34	63	151	38	45	197	110	130	46	232	97	53	249	31	12	318	69	65	282	94	259	120	30	204	38	52	200	37	71	647	112	88	106	256	88	95	247	19	36	283	125	204	279
111	172	297	88	60	208	58	81	194	36	98	546	114	125	130	482	130	54	251	45	17	563	61	138	311	89	226	37	67	250	46	79	323	56	109	653	115	110	57	312	84	81	286	19	23	433	56	112	351	67	172	55	31	120	35	40	143	37	43	161	100	79	42	221	94	65	217	28	15	310	56	75	301	90	234	95	23	186	31	34	188	30	87	669	95	80	101	240	69	88	221	14	14	308	131	184	240
112	173	336	100	54	209	58	78	231	36	98	560	110	132	118	453	169	78	252	35	23	588	72	130	310	101	228	53	70	229	49	81	353	58	113	672	137	82	60	282	81	93	278	28	22	421	60	111	348	56	184	51	14	114	49	45	135	24	46	201	86	113	51	221	93	66	250	29	14	342	61	58	226	90	247	115	35	216	42	44	177	29	72	650	115	111	110	296	79	93	231	22	22	322	115	172	286
113	173	324	110	45	212	45	70	222	37	84	602	84	120	119	462	140	74	253	35	20	579	75	123	343	76	249	46	76	258	45	81	385	58	113	699	113	106	70	319	91	88	308	19	30	445	63	115	371	79	172	37	30	92	54	57	140	39	38	205	85	113	59	263	89	60	231	29	15	323	74	69	250	82	258	74	28	201	41	29	177	29	69	647	87	90	87	282	78	101	258	26	18	325	134	201	308
114	197	325	103	42	200	65	75	231	44	97	584	99	117	116	524	160	65	249	31	31	599	65	115	319	98	233	45	66	256	59	74	345	53	111	666	109	87	63	314	103	84	273	18	26	486	68	111	374	63	186	49	28	116	40	59	137	37	35	195	103	100	47	248	93	63	210	30	26	354	53	60	285	93	242	111	27	205	40	42	219	42	76	668	86	96	105	259	94	70	264	21	32	332	152	202	321
115	201	328	106	62	217	45	74	212	50	106	554	96	130	127	504	156	59	246	39	19	578	89	127	344	114	240	72	79	253	46	79	354	49	98	706	110	69	57	271	91	95	310	26	21	491	61	104	410	62	190	46	29	114	39	39	137	38	34	213	79	101	48	256	92	69	220	34	21	329	64	65	278	83	275	132	30	229	50	40	174	35	70	673	91	98	80	262	90	82	254	16	22	333	152	214	292
116	161	330	102	49	230	58	65	227	39	76	571	103	144	108	501	158	72	257	29	17	628	87	135	335	101	259	45	66	248	37	87	363	56	103	653	116	80	83	311	80	86	270	28	23	410	77	95	355	61	170	55	21	112	45	50	133	23	42	205	94	123	48	281	90	60	245	30	19	360	75	57	243	84	246	118	17	212	38	42	174	33	76	628	98	86	102	278	83	95	237	13	23	315	135	225	287
117	148	338	82	48	205	53	73	240	39	89	541	101	155	107	480	149	56	228	27	20	568	68	116	302	92	231	43	46	249	37	92	305	50	86	686	117	87	78	287	74	70	279	26	28	413	52	108	331	75	159	39	24	124	47	57	127	24	35	198	93	102	52	247	86	69	220	37	12	327	61	74	253	95	235	120	36	191	32	35	181	24	77	645	84	84	106	262	72	84	262	25	19	303	137	197	277
118	163	286	75	53	230	40	80	218	28	90	570	93	151	90	429	141	57	247	38	22	524	71	131	330	96	245	34	59	191	33	79	312	49	81	636	104	66	73	276	84	86	281	19	19	421	55	93	318	54	167	38	16	122	32	50	131	36	40	180	73	105	72	236	92	53	245	29	16	314	61	68	273	95	250	113	25	175	31	34	181	34	62	574	93	81	103	240	68	79	238	20	21	248	140	191	252
119	178	291	87	45	187	64	88	223	39	90	554	86	137	115	463	149	79	251	29	22	605	83	119	319	85	219	48	67	233	50	74	307	54	97	665	114	81	71	301	81	97	261	13	26	407	82	104	357	66	182	53	22	90	38	46	135	41	42	199	76	117	65	253	81	58	228	26	14	348	75	82	261	83	239	108	37	196	30	31	151	34	70	629	96	76	84	271	75	89	244	16	12	296	141	191	283
120	137	295	94	39	173	44	84	212	26	77	556	93	132	122	435	142	63	270	25	22	570	85	115	296	91	216	34	51	222	41	73	315	64	100	607	114	78	70	267	72	102	251	23	27	416	52	120	337	61	183	48	22	111	37	53	117	30	34	183	85	93	48	199	96	61	230	35	15	318	50	53	265	101	226	99	35	174	20	46	175	41	47	595	97	81	78	261	88	88	247	19	25	311	125	174	256
121	177	300	100	47	272	54	82	230	37	100	584	103	126	146	486	152	78	285	34	28	558	74	131	317	97	248	35	71	229	49	93	341	68	82	660	128	85	63	320	80	78	292	22	23	401	75	101	305	66	170	52	33	108	38	54	122	32	34	195	81	95	50	249	103	71	253	33	8	306	53	69	239	77	259	109	36	223	35	44	175	30	71	638	99	89	95	277	86	97	276	16	23	290	140	191	263
122	166	280	83	48	231	51	73	206	43	80	514	109	137	116	499	145	75	246	26	24	490	78	110	334	71	210	44	72	226	57	85	327	47	90	678	95	78	61	286	67	66	261	24	27	406	69	98	305	69	176	49	21	96	41	50	129	33	40	192	83	88	47	241	83	57	222	31	20	281	54	68	239	81	220	121	36	204	20	26	169	27	63	564	86	93	83	288	84	111	243	15	17	306	122	164	277
123	165	288	78	48	226	51	77	205	38	99	600	96	138	109	491	127	64	257	34	19	525	92	102	306	98	206	38	61	214	53	86	296	48	93	659	110	87	54	296	84	62	236	19	20	358	57	90	356	54	173	36	18	122	35	35	130	36	29	198	88	93	51	227	83	72	218	24	10	275	59	72	236	73	212	119	28	194	39	37	149	27	61	612	81	71	110	265	77	92	211	17	20	280	118	186	240
124	171	281	85	52	187	49	80	220	44	74	488	94	106	100	422	129	79	235	33	25	533	74	110	273	92	230	40	69	231	46	53	294	55	84	607	106	76	73	301	84	83	222	19	32	395	67	94	310	63	156	36	21	114	34	41	138	29	35	198	71	89	41	176	99	74	202	29	14	337	53	73	217	96	246	86	32	181	22	40	158	30	63	601	86	92	93	243	74	81	240	18	19	323	124	219	275
125	196	295	79	59	234	46	73	201	48	81	557	83	119	118	491	141	76	264	31	20	546	69	124	326	90	234	46	70	214	29	98	364	41	90	675	107	91	78	294	71	77	235	23	19	417	56	110	317	54	171	47	22	104	38	55	128	38	37	196	85	91	56	222	89	57	234	34	5	298	75	61	245	72	232	101	31	188	30	45	198	30	73	597	100	94	110	227	70	87	246	15	20	297	133	196	274
126	151	296	93	46	209	53	69	191	44	79	531	92	113	114	453	143	70	227	22	22	539	78	121	309	85	216	43	62	231	44	80	322	61	86	650	127	73	61	283	91	97	254	20	22	400	52	89	335	57	176	49	26	122	50	52	112	29	48	161	78	138	50	224	86	65	217	26	11	295	64	61	242	87	219	111	29	157	31	29	174	35	54	562	83	86	104	250	81	93	235	22	16	301	127	164	275
127	150	260	79	51	199	49	58	198	35	72	512	79	107	108	419	100	73	229	27	24	522	58	115	277	119	213	43	57	246	39	73	279	37	108	537	96	56	67	291	71	78	242	21	30	362	57	86	336	63	139	35	21	94	43	50	118	36	36	168	70	105	42	217	85	63	198	25	18	278	75	66	241	66	213	92	17	147	21	35	149	32	52	558	74	83	90	200	75	80	244	21	18	273	110	166	243
128	142	243	88	41	172	47	51	185	35	81	468	91	109	121	419	101	55	238	30	20	490	63	113	277	91	169	37	58	198	51	78	289	51	99	615	93	71	59	224	68	83	234	20	19	387	61	86	317	60	152	38	23	101	38	46	108	38	34	186	74	105	58	202	78	62	207	22	14	260	36	56	218	63	211	105	23	162	22	37	152	29	55	544	78	77	80	244	75	82	201	22	18	266	123	184	258
129	147	270	83	36	193	48	77	155	42	81	544	96	115	98	416	136	46	225	29	21	518	70	119	281	82	216	45	57	206	50	70	314	55	94	650	99	71	77	241	65	75	229	20	20	363	60	99	318	69	151	31	20	109	38	46	110	57	36	165	90	98	36	223	85	51	210	22	2	275	68	59	245	54	248	106	32	184	22	30	160	26	62	614	88	92	88	272	81	78	221	19	25	272	110	196	231
130	134	288	85	49	216	58	72	191	45	82	513	83	123	99	410	114	69	238	31	23	531	74	89	324	87	239	42	60	206	62	77	337	52	99	614	104	76	60	276	68	77	229	18	26	394	64	116	317	62	131	42	22	104	31	41	111	41	36	184	95	111	47	235	88	57	247	38	14	278	51	62	213	69	260	102	42	196	25	34	179	19	74	570	70	100	93	233	78	77	208	19	20	313	142	175	259
131	147	272	94	62	201	35	67	187	41	90	520	109	119	102	402	133	52	251	35	26	496	66	109	282	84	189	46	50	238	40	82	311	43	99	591	99	62	52	267	75	87	244	17	16	396	47	85	286	62	173	48	21	109	34	30	131	33	29	200	83	113	50	205	101	56	199	31	14	279	59	60	232	82	246	84	37	182	33	29	179	25	79	575	95	85	110	282	76	81	232	17	24	277	124	169	276
132	131	253	68	44	168	39	74	182	33	83	498	79	108	115	452	133	56	226	25	21	499	58	122	317	85	215	43	59	228	30	54	283	54	100	642	97	75	53	255	64	60	217	14	21	336	54	100	326	65	139	37	20	91	46	44	99	51	28	164	84	86	38	193	93	68	197	26	12	277	64	50	207	77	212	83	33	177	42	28	178	38	69	551	84	84	88	216	68	67	234	16	13	278	129	182	238
133	145	247	80	47	162	43	72	171	38	84	475	82	117	102	400	130	70	193	26	17	444	51	96	265	58	190	44	54	187	36	80	289	52	84	605	113	69	57	258	59	78	241	18	20	364	56	93	278	62	136	39	27	108	35	42	102	29	23	167	86	92	53	206	93	52	179	34	13	287	60	62	200	82	213	91	24	174	26	40	137	24	59	448	74	51	88	217	72	81	195	13	24	261	118	159	231
134	140	278	79	40	205	39	67	187	26	76	476	85	85	106	381	134	60	248	22	23	515	52	113	286	87	203	37	62	206	51	58	284	45	80	574	92	62	74	253	70	69	240	12	17	337	66	105	291	48	151	38	26	95	35	44	97	25	33	159	65	88	45	192	66	51	200	32	16	268	46	63	215	78	201	94	20	157	26	34	155	36	63	550	75	87	88	228	67	81	206	23	16	252	124	162	227
135	135	248	62	38	176	40	61	191	41	72	432	86	104	91	380	127	57	213	34	18	464	59	106	275	81	182	42	58	217	39	48	305	35	103	551	85	65	79	263	71	80	233	17	20	364	57	108	305	43	112	35	22	107	40	45	118	37	36	143	76	103	44	229	83	46	176	34	11	249	51	60	211	65	205	93	31	156	21	35	167	19	54	511	76	80	90	223	68	76	218	15	16	242	124	168	266
136	149	241	58	46	181	30	62	201	41	63	458	77	94	78	401	98	57	213	24	27	471	60	112	246	70	199	36	56	201	44	74	257	47	70	551	80	64	72	231	50	63	229	22	19	332	61	76	250	54	154	33	12	87	35	47	108	35	20	150	87	84	44	193	80	55	193	31	13	252	46	50	220	78	189	81	24	152	23	19	122	30	48	462	79	81	86	215	64	65	217	23	18	263	100	159	210
137	155	261	63	38	178	45	53	189	31	71	458	79	100	108	386	132	57	226	21	15	465	59	91	296	83	183	47	78	176	39	64	278	32	81	582	89	61	61	243	54	60	232	20	23	341	49	79	288	56	124	26	22	99	32	54	100	31	26	167	70	93	42	206	74	59	158	26	17	265	46	53	236	76	183	85	22	170	22	31	171	21	75	542	70	66	94	219	62	96	188	16	14	264	95	162	229
138	141	252	71	42	183	45	67	193	45	79	491	79	110	97	393	120	54	220	24	20	451	64	97	280	92	182	45	45	206	35	73	291	49	71	593	93	64	57	240	71	61	208	11	15	337	45	81	323	42	150	35	14	91	33	36	115	27	41	169	64	113	55	195	79	59	231	21	11	263	46	60	210	75	204	90	27	188	34	41	151	26	51	539	86	72	98	234	58	90	211	16	19	245	99	168	216
139	160	290	73	38	199	54	76	181	47	89	450	93	100	105	385	164	59	197	42	27	496	75	98	307	86	196	34	60	197	47	62	289	62	88	584	87	67	61	261	71	72	231	12	18	344	62	94	323	67	146	37	21	70	32	48	120	23	42	167	87	98	48	211	82	49	205	32	11	282	50	58	235	76	232	99	39	177	42	38	161	29	57	564	77	86	86	257	70	83	196	17	11	262	117	198	262
140	150	251	70	44	161	38	51	157	26	78	412	82	121	87	366	110	49	182	20	16	439	35	93	223	72	166	32	56	199	38	61	260	32	81	535	89	58	56	227	62	71	236	16	17	316	45	79	258	46	135	29	15	89	24	40	95	25	25	145	56	94	37	181	66	38	199	26	10	266	42	46	225	59	176	93	15	160	22	41	133	27	66	476	66	57	95	195	51	58	234	16	14	234	100	146	232
141	130	262	79	49	211	48	66	166	41	82	447	81	107	110	399	112	68	234	34	17	485	59	98	285	83	219	28	70	203	46	64	289	46	83	535	102	76	57	222	67	65	221	15	20	352	53	92	283	49	146	45	22	119	25	51	104	19	39	188	85	89	50	201	83	61	203	42	14	263	47	53	231	64	219	88	25	175	17	40	147	30	48	536	80	77	86	231	88	79	220	17	24	246	105	161	221
142	128	226	73	33	177	63	66	173	43	71	439	70	91	87	399	132	58	230	32	19	476	56	111	261	77	187	28	61	175	30	68	264	37	87	580	95	77	58	252	63	67	215	19	20	352	52	97	267	56	147	34	25	95	31	36	90	28	40	153	68	97	50	186	69	48	190	27	12	275	57	44	207	78	223	82	24	144	29	25	135	22	59	527	70	59	84	202	84	79	205	17	8	265	100	155	240
143	154	243	61	49	175	45	55	159	44	56	462	84	98	94	370	111	55	180	28	18	464	52	89	284	75	172	23	66	216	38	66	273	58	86	550	85	55	40	239	67	81	211	15	21	326	47	95	286	61	145	38	19	87	17	36	102	35	31	146	68	75	41	184	57	59	189	25	12	239	47	56	193	68	211	78	29	151	22	39	137	28	49	513	77	56	74	209	84	66	183	19	10	201	113	165	229
144	126	247	80	38	181	38	58	186	30	67	429	54	109	100	363	115	59	173	23	24	432	58	106	248	72	188	31	46	202	31	65	230	37	73	498	83	60	51	215	64	60	203	17	18	316	54	84	256	53	127	30	8	101	37	29	94	27	30	153	65	95	42	169	58	52	147	35	7	202	55	54	200	58	194	88	33	142	22	39	126	29	59	479	60	74	80	197	62	79	193	15	11	232	100	108	216
145	161	229	76	43	151	39	52	151	32	86	406	73	111	92	400	104	56	208	32	19	429	71	93	252	72	189	55	32	196	39	68	245	39	77	579	88	72	58	225	61	67	209	15	17	307	59	81	276	57	114	38	21	75	24	36	118	19	31	182	66	78	50	171	63	52	186	29	16	233	56	43	198	63	194	97	38	174	24	31	144	25	68	503	89	84	85	207	61	73	209	9	13	208	112	156	222
146	110	257	72	39	155	36	73	165	38	67	390	62	93	72	382	123	67	222	17	14	404	41	103	247	63	189	36	54	186	38	61	238	52	83	480	89	67	61	222	49	58	203	9	18	305	40	66	229	55	127	29	18	92	35	23	93	13	30	133	68	75	33	188	64	56	165	23	19	258	52	49	179	63	170	85	17	143	21	31	119	15	48	416	64	61	77	192	58	67	194	10	15	236	95	120	221
147	110	187	66	40	144	45	47	135	34	71	405	62	102	84	327	111	50	177	18	15	414	66	82	243	68	159	27	46	176	29	57	219	31	65	503	73	73	52	197	60	67	219	12	20	275	53	78	223	46	121	36	15	74	24	36	83	20	40	131	61	61	43	154	61	27	151	19	10	229	38	49	201	56	165	86	17	149	24	17	112	21	38	440	64	60	76	201	57	77	172	12	23	228	94	151	192
148	126	243	69	59	159	35	54	142	37	68	450	63	88	85	359	114	56	229	20	10	374	50	82	249	74	179	30	59	184	35	56	256	43	83	540	101	53	50	209	64	62	207	13	17	311	53	81	263	51	130	28	16	97	28	36	103	35	31	133	73	94	41	163	77	54	182	29	10	235	52	48	181	65	216	67	20	143	20	29	146	19	45	513	72	57	69	197	71	55	181	13	14	252	93	153	231
149	150	215	75	36	172	43	64	178	32	70	434	80	92	90	369	108	64	195	16	17	388	60	84	260	82	166	36	42	161	42	50	254	36	80	541	80	80	62	193	52	73	187	25	19	283	54	88	234	54	154	30	11	75	27	35	89	31	32	154	67	80	44	187	56	38	180	28	6	269	44	61	188	68	185	92	21	155	20	19	128	31	47	472	78	71	93	196	57	66	194	21	18	213	116	137	225
150	136	197	78	37	155	49	48	161	36	66	346	72	79	82	323	99	58	189	19	23	364	44	98	274	63	179	26	48	165	33	57	247	32	86	479	77	58	61	200	37	71	200	16	20	261	49	73	248	42	120	33	14	88	37	30	77	19	23	119	53	85	40	151	63	39	176	12	12	222	45	47	176	51	156	76	31	135	29	26	126	29	57	439	77	52	72	194	56	65	190	13	13	204	99	132	200
151	126	202	79	35	167	34	52	181	36	64	403	62	105	79	350	106	46	179	20	15	403	61	91	249	72	151	26	49	174	38	60	273	52	79	492	77	62	56	200	59	67	218	18	22	302	40	73	276	58	128	31	22	87	32	32	91	32	20	128	60	77	40	173	57	43	170	27	12	228	56	41	207	52	177	74	25	134	26	32	105	20	60	463	61	65	78	172	62	68	194	10	12	229	96	152	201
152	102	215	72	43	168	33	45	169	21	61	407	62	73	85	346	95	49	168	26	15	427	60	88	244	73	168	30	52	195	46	58	262	49	52	477	84	63	41	206	43	57	179	11	17	320	46	70	229	51	121	36	11	63	29	25	91	29	35	141	68	73	47	169	59	51	162	18	7	231	37	39	195	54	177	66	23	145	16	35	137	17	53	479	74	75	77	201	54	61	196	13	19	245	97	123	216
153	117	206	56	35	147	37	49	156	41	68	394	58	94	90	356	108	27	186	22	21	395	67	90	247	71	151	36	56	170	38	48	236	36	85	500	89	60	58	193	39	45	188	17	17	275	40	79	260	42	114	29	16	92	26	36	71	24	25	135	46	76	40	175	65	49	143	24	13	209	39	40	179	54	157	74	18	149	23	33	123	23	53	418	78	68	65	171	43	70	184	12	13	230	95	128	177
154	128	207	66	30	135	25	72	147	30	57	408	74	93	70	369	94	47	172	35	16	394	48	92	252	61	132	35	37	174	30	46	231	42	75	452	78	56	51	191	54	48	218	19	22	263	48	71	235	39	109	37	8	72	28	37	105	27	25	132	84	86	39	162	49	35	153	20	10	228	55	44	193	54	190	86	19	154	32	35	111	22	58	477	82	78	69	168	49	53	201	10	11	213	95	120	189
155	105	221	68	38	151	30	55	150	22	64	459	83	103	76	357	92	62	206	22	8	408	66	73	261	67	180	39	40	169	41	50	238	43	71	477	96	75	40	212	70	55	182	11	9	265	56	64	255	45	124	42	15	66	32	42	94	23	25	149	67	90	34	202	76	48	196	16	15	207	52	45	193	66	172	86	20	137	17	27	128	24	52	450	85	54	79	200	58	67	195	14	14	230	97	143	238
156	136	206	60	41	137	31	44	145	37	58	354	52	94	76	318	106	48	175	16	14	393	51	83	203	60	171	26	43	180	31	66	228	33	63	434	87	65	52	191	41	64	174	19	13	282	45	83	206	50	116	32	14	70	36	35	92	19	37	136	57	69	41	133	58	46	135	12	14	223	48	45	169	47	144	80	23	134	15	26	127	26	55	421	76	73	64	163	61	48	198	13	15	218	100	130	184
157	123	207	57	33	142	45	56	166	22	61	373	57	87	65	319	94	44	171	18	13	362	57	75	219	63	164	23	31	136	27	49	211	50	57	470	75	55	36	199	58	59	177	16	15	306	45	62	215	49	112	23	19	76	29	38	91	25	16	126	54	70	29	173	53	32	133	16	12	237	39	43	189	62	154	77	21	121	26	28	113	14	39	420	61	60	71	203	54	59	161	3	13	193	87	129	194
158	125	200	81	56	164	52	58	144	24	64	387	96	106	93	333	106	44	173	23	12	354	57	74	239	69	165	25	40	175	27	61	219	37	71	448	79	50	41	243	43	59	204	13	24	284	37	54	254	39	109	23	15	74	43	35	83	28	27	130	90	82	32	171	55	35	151	21	8	208	61	52	189	64	155	71	13	114	23	28	129	18	39	455	64	72	67	162	42	59	174	12	13	215	118	139	207
159	131	204	57	35	149	34	54	137	36	61	357	58	77	72	366	85	50	161	20	14	350	48	78	201	64	166	31	35	150	29	48	215	46	58	467	76	62	53	186	46	51	160	16	9	262	44	58	231	48	126	30	15	77	28	35	85	25	29	107	53	88	31	156	65	44	166	22	14	202	34	45	179	52	159	72	13	155	29	29	95	13	34	416	55	68	60	172	49	66	161	16	12	165	91	118	188
160	120	209	64	31	140	35	47	145	43	63	374	70	106	82	343	97	39	210	17	11	369	57	83	224	78	137	26	37	154	44	59	205	36	60	405	81	55	56	190	47	56	190	12	23	273	45	70	236	43	100	31	14	74	19	47	85	18	31	110	51	74	28	159	56	37	166	24	6	177	44	40	182	52	159	76	18	115	19	31	123	18	52	466	53	55	76	157	70	66	176	16	12	195	93	120	183
161	109	224	64	32	157	33	53	144	17	64	395	60	91	72	331	83	45	170	21	12	375	41	84	201	60	170	27	44	186	34	51	197	33	62	474	69	62	62	177	56	61	182	14	23	276	40	84	267	41	110	30	17	81	24	30	78	32	35	108	63	55	38	158	68	45	162	17	12	195	28	44	177	58	166	84	15	136	23	23	122	27	46	438	52	53	65	180	56	62	145	16	18	179	86	109	178
162	124	219	49	37	134	40	57	138	32	50	397	58	74	65	341	108	55	159	21	10	364	47	77	246	82	147	38	49	161	39	48	226	33	69	498	57	58	40	194	51	42	169	14	12	255	46	67	246	58	115	42	18	68	34	38	92	25	21	110	54	67	30	154	53	49	172	24	10	197	58	35	197	60	158	75	25	134	26	32	121	17	43	422	64	54	61	179	51	68	161	11	15	213	71	136	169
163	105	187	51	26	127	42	41	119	23	50	352	79	83	69	302	79	40	173	16	9	328	54	79	229	74	154	34	43	140	26	49	189	25	61	426	57	57	54	169	44	50	171	8	13	277	47	71	230	44	107	24	15	56	34	21	76	15	29	125	53	66	36	144	54	38	152	16	10	188	41	43	160	49	145	78	16	118	7	27	127	21	44	398	54	51	65	188	58	51	158	9	10	180	99	108	179
164	97	175	61	35	135	33	51	125	29	51	362	59	78	77	288	84	38	126	17	12	362	46	85	206	54	110	26	37	135	35	42	205	25	66	399	56	48	45	187	41	52	166	12	20	229	51	64	181	42	91	34	11	76	20	40	85	26	27	112	51	62	35	143	43	37	145	14	6	189	32	44	172	60	121	53	24	120	28	20	103	15	49	363	48	47	49	170	49	53	167	13	13	164	83	120	176
165	97	189	63	28	136	35	45	117	23	53	382	79	97	72	337	101	52	179	16	9	358	49	71	201	59	153	19	34	164	24	50	212	43	68	464	76	43	39	188	52	54	165	20	18	294	52	53	244	54	102	24	13	73	33	30	95	25	28	124	60	64	28	152	59	31	153	18	5	189	46	45	172	51	172	85	20	138	27	23	131	17	36	403	70	56	62	176	54	59	179	9	11	188	89	128	160
166	107	189	46	35	148	37	55	119	26	53	320	54	76	61	344	98	46	171	13	14	366	41	86	220	70	155	46	37	157	15	48	228	30	70	451	79	45	35	194	55	56	177	16	12	271	47	72	200	36	103	35	14	78	33	34	89	24	25	126	57	70	38	147	55	32	143	33	6	211	28	44	185	45	164	59	18	137	13	27	84	18	48	429	66	63	50	173	48	55	176	13	13	201	94	110	169
167	118	192	54	30	167	22	46	148	31	61	381	78	82	62	305	83	44	165	20	21	357	59	74	217	58	158	29	36	158	28	36	235	35	73	455	71	49	48	198	54	59	172	15	12	274	42	73	203	37	118	21	11	61	22	21	92	32	24	128	61	63	31	151	63	30	140	21	5	174	41	35	167	65	131	68	29	123	21	24	98	24	39	379	62	58	68	158	68	55	172	13	8	186	62	111	180
168	109	173	54	28	140	32	53	148	15	51	358	81	89	65	322	83	43	183	24	14	340	56	57	203	46	126	30	48	146	40	46	211	36	64	393	72	36	42	181	48	58	153	14	12	230	48	68	234	34	108	31	9	65	33	33	72	32	20	112	49	65	41	136	67	36	122	19	6	188	44	52	166	57	138	62	22	136	11	26	109	18	46	380	69	56	62	189	57	59	153	6	12	181	102	105	191
169	78	173	66	39	151	28	46	128	19	56	333	42	75	67	283	73	45	169	10	8	321	43	66	182	56	138	26	33	140	30	45	208	36	52	482	76	52	46	191	51	53	166	16	16	229	38	56	215	49	100	24	12	64	20	34	77	27	24	119	65	63	31	154	61	32	136	12	8	173	35	41	173	55	125	81	23	118	14	32	120	23	43	411	55	50	61	154	54	48	165	7	11	182	88	97	168
170	104	186	54	32	140	43	52	124	22	58	350	81	71	59	342	79	51	188	17	16	305	48	91	234	58	148	21	43	128	38	57	212	41	77	431	77	52	44	185	40	44	166	16	14	260	35	57	211	34	120	27	21	59	22	28	78	24	15	120	60	73	34	127	55	33	130	14	11	214	39	33	181	52	140	64	17	122	16	23	117	21	62	420	58	43	53	196	46	72	173	10	16	201	99	132	174
171	101	164	60	21	127	39	50	147	25	56	333	54	58	47	300	70	44	118	18	11	293	49	84	196	49	138	27	39	138	25	44	226	31	62	404	65	51	44	168	59	42	151	20	16	229	32	53	187	34	97	39	14	50	21	36	68	32	15	97	41	49	36	148	47	38	139	21	10	162	36	33	146	33	149	76	15	113	11	17	106	9	40	335	34	47	60	151	49	43	152	11	8	164	81	97	177
172	83	180	46	26	133	26	39	117	23	52	297	67	74	60	260	97	42	169	24	9	298	34	60	189	48	122	27	38	121	22	47	198	34	52	363	73	46	35	164	60	51	162	12	18	258	32	64	218	32	105	29	13	62	26	23	80	26	24	124	59	60	27	156	48	38	143	14	8	166	36	49	143	42	126	48	19	104	16	16	110	25	41	332	52	56	47	147	50	48	190	8	8	150	98	116	182
173	95	184	56	31	148	37	53	136	21	62	360	71	69	73	338	104	38	177	18	12	361	59	73	195	61	121	26	39	153	31	43	188	27	63	405	76	46	50	196	49	50	158	10	16	235	45	57	210	39	107	26	10	70	21	27	73	22	31	119	56	60	44	164	46	36	153	21	11	193	51	36	173	55	149	82	22	134	24	20	102	18	33	382	58	58	66	193	39	48	180	13	16	172	74	134	167
174	109	183	58	31	134	35	40	130	21	70	370	57	63	80	274	89	39	169	16	14	319	39	75	215	51	178	28	47	152	29	48	207	33	80	423	76	49	59	155	52	53	178	11	22	249	28	66	207	31	127	19	17	72	18	26	70	14	22	135	62	53	41	132	46	28	138	16	8	167	32	50	151	42	164	76	15	134	25	18	100	26	57	385	57	60	54	173	48	41	158	14	15	203	86	102	181
175	100	182	69	39	155	42	58	140	37	56	352	62	93	73	316	112	50	196	21	13	352	70	75	205	74	162	33	27	140	40	55	212	39	74	448	90	52	38	192	56	45	178	22	17	329	40	75	225	52	102	26	12	76	25	33	80	18	25	120	66	72	34	172	71	41	159	15	6	225	36	48	205	52	168	68	23	146	24	21	104	23	53	431	63	75	60	185	53	57	205	17	11	189	95	149	216
176	103	171	67	36	137	28	41	123	26	47	317	69	67	80	297	77	43	154	18	14	347	50	76	203	62	131	17	42	160	31	32	219	38	44	362	68	38	54	176	41	40	174	19	14	234	38	61	229	40	101	17	19	64	27	26	67	21	23	106	54	66	32	142	57	31	151	17	10	190	36	49	175	45	128	65	18	123	28	25	95	23	44	378	53	64	53	166	55	63	152	16	10	192	67	120	171
177	101	192	59	43	119	27	46	130	32	51	306	69	83	70	273	72	32	160	18	13	319	42	78	197	58	144	29	56	163	29	53	223	32	66	422	65	56	53	188	55	63	171	11	19	226	40	42	199	38	94	23	16	72	26	41	87	26	23	117	56	61	31	136	61	37	122	17	8	192	39	41	148	59	154	63	16	139	16	18	99	20	32	373	42	54	46	163	55	57	177	7	7	186	81	109	202
178	102	199	74	48	155	38	46	131	37	59	338	62	84	90	314	102	49	212	17	10	350	43	54	191	51	151	27	28	166	39	46	210	37	55	446	78	54	45	193	57	75	183	9	15	238	55	69	215	33	97	27	9	70	25	30	79	28	28	116	70	66	46	135	57	39	142	24	9	197	47	46	174	55	170	63	23	126	22	30	126	27	48	415	74	70	58	173	53	67	192	12	15	199	92	140	178
179	104	203	64	28	135	35	42	116	32	52	350	63	83	70	321	88	47	157	23	15	334	48	75	192	64	157	27	39	162	21	46	206	33	68	428	82	42	50	215	47	62	170	13	15	244	40	76	215	44	111	25	17	59	18	24	75	17	18	94	66	66	35	147	53	30	167	29	11	171	40	39	160	60	132	56	23	142	19	25	122	20	41	396	71	53	61	171	56	51	206	11	19	199	83	123	183
180	115	203	55	43	146	33	59	147	27	64	409	80	101	85	345	111	48	214	19	10	419	60	88	250	81	182	40	48	178	31	47	228	37	66	493	72	73	65	234	67	55	196	17	23	294	52	89	258	39	152	29	10	68	41	34	94	29	29	135	68	84	32	171	61	40	209	17	9	241	38	42	189	63	167	88	32	144	22	22	111	20	53	485	51	77	78	210	59	65	250	12	18	219	108	153	228
181	166	274	84	57	234	60	90	212	51	82	614	104	144	119	512	147	72	278	33	17	526	87	123	324	112	261	50	49	250	48	101	409	60	107	772	101	99	65	303	82	90	293	31	24	448	61	125	353	63	176	51	21	108	46	40	131	39	34	190	98	121	67	249	84	59	232	39	18	333	57	54	292	86	236	124	39	203	32	49	176	38	67	661	99	102	103	328	94	96	298	20	18	290	142	218	316

